	2016	2017	2018	2019	2020	2021	2022	2023	2024	2025	2026	2027	2028	2029	2030	2031	2032	2033	2034	2035	2036	2037	2038	2039	2040	2041	2042	2043	2044	2045	2046	2047	2048	2049	2050	
[AUT,CO]	0.3730	0.3161	0.2700	0.2330	0.2036	0.1806	0.1625	0.1485	0.1377	0.1294	0.1228	0.1177	0.1135	0.1101	0.1072	0.1046	0.1023	0.1001	0.0981	0.0961	0.0941	0.0921	0.0902	0.0882	0.0862	0.0842	0.0822	0.0801	0.0780	0.0758	0.0736	0.0714	0.0692	0.0669	0.0647	
[AUT,FC]	2.502	2.495	2.487	2.478	2.468	2.457	2.444	2.429	2.412	2.395	2.374	2.352	2.328	2.301	2.273	2.244	2.213	2.180	2.147	2.113	2.077	2.041	2.004	1.966	1.928	1.889	1.848	1.807	1.765	1.722	1.678	1.634	1.590	1.545	1.500	
[AUT,NOX]	0.4915	0.4561	0.4233	0.3926	0.3608	0.3303	0.3009	0.2730	0.2473	0.2236	0.2019	0.1822	0.1643	0.1481	0.1337	0.1208	0.1095	0.0995	0.0907	0.0831	0.0765	0.0709	0.0660	0.0617	0.0581	0.0550	0.0522	0.0498	0.0476	0.0457	0.0439	0.0423	0.0407	0.0392	0.0378	
[AUT,PM]	0.0105	0.0095	0.0086	0.0077	0.0069	0.0062	0.0056	0.0050	0.0044	0.0040	0.0036	0.0032	0.0029	0.0026	0.0024	0.0022	0.0021	0.0020	0.0019	0.0018	0.0017	0.0016	0.0016	0.0016	0.0015	0.0015	0.0014	0.0014	0.0014	0.0013	0.0013	0.0013	0.0013	0.0012	0.0012	
[AUT,VOC]	0.0441	0.0354	0.0284	0.0227	0.0181	0.0146	0.0118	0.0096	0.0079	0.0066	0.0056	0.0049	0.0043	0.0038	0.0035	0.0032	0.0030	0.0029	0.0027	0.0026	0.0025	0.0024	0.0024	0.0023	0.0022	0.0022	0.0021	0.0020	0.0020	0.0019	0.0018	0.0018	0.0017	0.0016	0.0016	
[ESO,CO]	0.3804	0.3514	0.3249	0.3013	0.2803	0.2621	0.2461	0.2322	0.2201	0.2097	0.2005	0.1926	0.1856	0.1796	0.1742	0.1694	0.1650	0.1609	0.1571	0.1534	0.1500	0.1466	0.1434	0.1401	0.1369	0.1338	0.1306	0.1275	0.1243	0.1211	0.1179	0.1146	0.1113	0.1079	0.1045	
[ESO,FC]	2.766	2.758	2.748	2.739	2.729	2.719	2.708	2.696	2.684	2.671	2.657	2.640	2.623	2.603	2.582	2.559	2.532	2.504	2.473	2.441	2.407	2.372	2.335	2.297	2.259	2.219	2.179	2.138	2.096	2.054	2.010	1.966	1.920	1.874	1.827	
[ESO,NOX]	0.3802	0.3546	0.3304	0.3078	0.2851	0.2639	0.2434	0.2239	0.2056	0.1883	0.1718	0.1564	0.1419	0.1285	0.1162	0.1049	0.0947	0.0856	0.0776	0.0705	0.0643	0.0589	0.0542	0.0501	0.0466	0.0436	0.0411	0.0388	0.0369	0.0352	0.0338	0.0325	0.0314	0.0304	0.0294	
[ESO,PM]	0.0142	0.0130	0.0117	0.0106	0.0095	0.0085	0.0076	0.0068	0.0061	0.0054	0.0048	0.0043	0.0039	0.0035	0.0031	0.0029	0.0026	0.0024	0.0022	0.0021	0.0020	0.0019	0.0018	0.0017	0.0016	0.0016	0.0015	0.0015	0.0015	0.0014	0.0014	0.0014	0.0013	0.0013	0.0013	
[ESO,VOC]	0.0410	0.0361	0.0317	0.0278	0.0243	0.0212	0.0186	0.0162	0.0142	0.0125	0.0111	0.0098	0.0088	0.0079	0.0072	0.0065	0.0060	0.0056	0.0052	0.0049	0.0047	0.0044	0.0042	0.0041	0.0039	0.0038	0.0037	0.0035	0.0034	0.0033	0.0032	0.0031	0.0030	0.0029	0.0028	
[LAT,CO]	0.4780	0.4231	0.3755	0.3347	0.3002	0.2720	0.2487	0.2297	0.2143	0.2020	0.1921	0.1841	0.1777	0.1724	0.1681	0.1644	0.1611	0.1581	0.1553	0.1526	0.1500	0.1473	0.1447	0.1421	0.1395	0.1369	0.1343	0.1316	0.1290	0.1263	0.1235	0.1207	0.1178	0.1149	0.1119	
[LAT,FC]	2.780	2.760	2.744	2.730	2.717	2.705	2.693	2.681	2.669	2.657	2.644	2.630	2.614	2.597	2.578	2.557	2.533	2.507	2.478	2.447	2.414	2.380	2.344	2.308	2.270	2.233	2.195	2.156	2.117	2.078	2.038	1.997	1.954	1.910	1.866	
[LAT,NOX]	0.4282	0.4049	0.3835	0.3635	0.3436	0.3248	0.3063	0.2882	0.2703	0.2528	0.2356	0.2184	0.2015	0.1848	0.1686	0.1528	0.1378	0.1236	0.1104	0.0984	0.0874	0.0778	0.0695	0.0623	0.0563	0.0514	0.0473	0.0440	0.0413	0.0392	0.0374	0.0359	0.0346	0.0335	0.0325	
[LAT,PM]	0.0202	0.0179	0.0158	0.0140	0.0123	0.0109	0.0096	0.0084	0.0073	0.0064	0.0056	0.0048	0.0042	0.0037	0.0032	0.0028	0.0025	0.0023	0.0021	0.0019	0.0018	0.0017	0.0016	0.0016	0.0015	0.0015	0.0015	0.0014	0.0014	0.0014	0.0014	0.0013	0.0013	0.0013	0.0013	
[LAT,VOC]	0.0546	0.0457	0.0380	0.0314	0.0260	0.0215	0.0179	0.0149	0.0126	0.0107	0.0092	0.0080	0.0070	0.0063	0.0057	0.0053	0.0049	0.0046	0.0044	0.0042	0.0041	0.0040	0.0038	0.0038	0.0037	0.0036	0.0035	0.0034	0.0033	0.0033	0.0032	0.0031	0.0030	0.0029	0.0028	
[LTH,CO]	0.3858	0.3677	0.3472	0.3252	0.3025	0.2800	0.2584	0.2385	0.2208	0.2055	0.1929	0.1826	0.1745	0.1685	0.1642	0.1611	0.1585	0.1562	0.1539	0.1516	0.1491	0.1465	0.1438	0.1411	0.1382	0.1353	0.1323	0.1292	0.1261	0.1230	0.1199	0.1167	0.1135	0.1103	0.1071	
[LTH,FC]	2.657	2.656	2.654	2.653	2.651	2.649	2.644	2.638	2.630	2.621	2.609	2.594	2.576	2.557	2.535	2.512	2.486	2.457	2.426	2.393	2.358	2.321	2.283	2.244	2.204	2.162	2.120	2.077	2.034	1.990	1.945	1.899	1.853	1.806	1.758	
[LTH,NOX]	0.5123	0.4801	0.4482	0.4172	0.3875	0.3601	0.3354	0.3137	0.2950	0.2787	0.2640	0.2499	0.2355	0.2200	0.2029	0.1844	0.1647	0.1446	0.1250	0.1066	0.0901	0.0758	0.0641	0.0548	0.0478	0.0427	0.0391	0.0366	0.0348	0.0335	0.0325	0.0316	0.0307	0.0299	0.0291	
[LTH,PM]	0.0323	0.0277	0.0238	0.0205	0.0176	0.0151	0.0128	0.0107	0.0089	0.0073	0.0060	0.0048	0.0039	0.0032	0.0026	0.0022	0.0019	0.0017	0.0016	0.0015	0.0015	0.0015	0.0015	0.0014	0.0014	0.0014	0.0014	0.0013	0.0013	0.0013	0.0013	0.0012	0.0012	0.0012	0.0012	
[LTH,VOC]	0.0442	0.0391	0.0342	0.0296	0.0253	0.0214	0.0179	0.0148	0.0123	0.0101	0.0085	0.0072	0.0062	0.0055	0.0049	0.0046	0.0043	0.0041	0.0040	0.0039	0.0039	0.0038	0.0037	0.0036	0.0036	0.0035	0.0034	0.0033	0.0032	0.0031	0.0030	0.0029	0.0028	0.0028	0.0027	
[BEL,CO]	0.2535	0.2359	0.2206	0.2075	0.1962	0.1866	0.1782	0.1708	0.1641	0.1583	0.1530	0.1481	0.1437	0.1396	0.1358	0.1322	0.1288	0.1254	0.1222	0.1191	0.1161	0.1131	0.1100	0.1070	0.1040	0.1012	0.0984	0.0957	0.0931	0.0905	0.0878	0.0853	0.0827	0.0801	0.0775	
[BEL,FC]	2.454	2.459	2.460	2.461	2.461	2.459	2.454	2.448	2.439	2.430	2.417	2.402	2.384	2.365	2.343	2.319	2.293	2.265	2.235	2.204	2.171	2.137	2.103	2.067	2.031	1.994	1.956	1.917	1.877	1.837	1.796	1.753	1.710	1.667	1.622	
[BEL,NOX]	0.4723	0.4287	0.3910	0.3576	0.3236	0.2935	0.2654	0.2398	0.2172	0.1971	0.1795	0.1638	0.1499	0.1376	0.1267	0.1171	0.1085	0.1008	0.0939	0.0878	0.0823	0.0774	0.0729	0.0689	0.0653	0.0619	0.0589	0.0561	0.0536	0.0512	0.0490	0.0470	0.0451	0.0432	0.0415	
[BEL,PM]	0.0097	0.0087	0.0078	0.0070	0.0063	0.0057	0.0052	0.0047	0.0043	0.0040	0.0037	0.0034	0.0032	0.0030	0.0028	0.0026	0.0025	0.0024	0.0023	0.0022	0.0021	0.0020	0.0019	0.0018	0.0018	0.0017	0.0016	0.0016	0.0015	0.0015	0.0014	0.0014	0.0014	0.0013	0.0013	
[BEL,VOC]	0.0236	0.0209	0.0185	0.0164	0.0146	0.0132	0.0119	0.0107	0.0097	0.0089	0.0081	0.0075	0.0069	0.0064	0.0059	0.0055	0.0052	0.0048	0.0046	0.0043	0.0041	0.0038	0.0036	0.0034	0.0032	0.0030	0.0029	0.0027	0.0026	0.0025	0.0024	0.0023	0.0022	0.0021	0.0020	
[LUX,CO]	0.1766	0.1623	0.1507	0.1412	0.1335	0.1271	0.1219	0.1176	0.1141	0.1111	0.1084	0.1061	0.1040	0.1020	0.1002	0.0984	0.0967	0.0949	0.0932	0.0915	0.0898	0.0880	0.0863	0.0846	0.0829	0.0811	0.0794	0.0777	0.0759	0.0741	0.0722	0.0703	0.0684	0.0665	0.0645	
[LUX,FC]	2.611	2.601	2.590	2.580	2.570	2.559	2.547	2.534	2.521	2.507	2.490	2.470	2.449	2.426	2.402	2.375	2.346	2.314	2.281	2.246	2.210	2.173	2.136	2.098	2.060	2.021	1.982	1.941	1.901	1.859	1.817	1.773	1.728	1.682	1.636	
[LUX,NOX]	0.4787	0.4258	0.3819	0.3441	0.3051	0.2697	0.2374	0.2090	0.1849	0.1646	0.1473	0.1327	0.1204	0.1101	0.1015	0.0941	0.0878	0.0824	0.0778	0.0738	0.0703	0.0672	0.0645	0.0620	0.0598	0.0578	0.0559	0.0542	0.0525	0.0509	0.0493	0.0478	0.0463	0.0448	0.0433	
[LUX,PM]	0.0075	0.0065	0.0056	0.0049	0.0044	0.0039	0.0035	0.0032	0.0029	0.0027	0.0025	0.0024	0.0022	0.0021	0.0020	0.0020	0.0019	0.0019	0.0018	0.0018	0.0017	0.0017	0.0016	0.0016	0.0016	0.0015	0.0015	0.0015	0.0015	0.0014	0.0014	0.0014	0.0013	0.0013	0.0013	
[LUX,VOC]	0.0153	0.0128	0.0108	0.0092	0.0079	0.0069	0.0060	0.0053	0.0047	0.0043	0.0039	0.0036	0.0034	0.0032	0.0030	0.0028	0.0027	0.0026	0.0025	0.0024	0.0023	0.0023	0.0022	0.0021	0.0021	0.0020	0.0020	0.0019	0.0018	0.0018	0.0017	0.0017	0.0016	0.0016	0.0015	
[DNK,CO]	0.2756	0.2529	0.2336	0.2172	0.2035	0.1923	0.1828	0.1749	0.1682	0.1626	0.1577	0.1534	0.1496	0.1461	0.1429	0.1399	0.1369	0.1341	0.1313	0.1285	0.1257	0.1229	0.1201	0.1173	0.1144	0.1116	0.1086	0.1057	0.1027	0.0997	0.0966	0.0936	0.0905	0.0874	0.0842	
[DNK,FC]	2.568	2.561	2.552	2.543	2.534	2.523	2.511	2.498	2.483	2.467	2.449	2.429	2.406	2.381	2.354	2.326	2.296	2.264	2.230	2.195	2.159	2.122	2.085	2.046	2.008	1.967	1.926	1.884	1.842	1.798	1.755	1.710	1.665	1.620	1.574	
[DNK,NOX]	0.3069	0.2853	0.2653	0.2467	0.2268	0.2085	0.1905	0.1735	0.1577	0.1432	0.1300	0.1181	0.1072	0.0974	0.0887	0.0809	0.0741	0.0680	0.0627	0.0581	0.0541	0.0506	0.0476	0.0450	0.0428	0.0408	0.0392	0.0377	0.0363	0.0351	0.0340	0.0330	0.0320	0.0311	0.0302	
[DNK,PM]	0.0071	0.0064	0.0057	0.0051	0.0046	0.0041	0.0037	0.0034	0.0031	0.0028	0.0026	0.0024	0.0022	0.0021	0.0020	0.0019	0.0018	0.0018	0.0017	0.0016	0.0016	0.0016	0.0015	0.0015	0.0015	0.0014	0.0014	0.0014	0.0014	0.0013	0.0013	0.0013	0.0013	0.0012	0.0012	
[DNK,VOC]	0.0207	0.0176	0.0150	0.0129	0.0111	0.0097	0.0085	0.0075	0.0067	0.0061	0.0056	0.0051	0.0048	0.0045	0.0043	0.0041	0.0039	0.0038	0.0037	0.0036	0.0035	0.0034	0.0033	0.0032	0.0031	0.0030	0.0029	0.0028	0.0027	0.0026	0.0025	0.0024	0.0023	0.0023	0.0022	
[ESP,CO]	0.3865	0.3208	0.2685	0.2283	0.1983	0.1761	0.1602	0.1489	0.1409	0.1352	0.1311	0.1282	0.1259	0.1243	0.1230	0.1218	0.1207	0.1197	0.1185	0.1173	0.1160	0.1146	0.1130	0.1112	0.1093	0.1073	0.1052	0.1030	0.1007	0.0983	0.0957	0.0931	0.0904	0.0877	0.0850	
[ESP,FC]	2.497	2.490	2.485	2.482	2.480	2.478	2.475	2.472	2.468	2.464	2.458	2.451	2.442	2.432	2.420	2.405	2.388	2.369	2.348	2.324	2.299	2.273	2.244	2.213	2.181	2.148	2.114	2.078	2.041	2.002	1.961	1.919	1.876	1.831	1.787	
[ESP,NOX]	0.5065	0.4732	0.4424	0.4140	0.3848	0.3552	0.3267	0.2995	0.2740	0.2500	0.2275	0.2065	0.1871	0.1691	0.1526	0.1377	0.1242	0.1122	0.1016	0.0924	0.0844	0.0776	0.0717	0.0667	0.0625	0.0591	0.0562	0.0539	0.0519	0.0502	0.0487	0.0473	0.0460	0.0448	0.0437	
[ESP,PM]	0.0158	0.0143	0.0129	0.0116	0.0104	0.0092	0.0082	0.0072	0.0064	0.0056	0.0049	0.0043	0.0037	0.0033	0.0029	0.0025	0.0023	0.0021	0.0019	0.0018	0.0017	0.0017	0.0016	0.0016	0.0016	0.0016	0.0015	0.0015	0.0015	0.0015	0.0015	0.0014	0.0014	0.0014	0.0014	
[ESP,VOC]	0.0463	0.0362	0.0282	0.0220	0.0173	0.0137	0.0111	0.0091	0.0077	0.0065	0.0057	0.0050	0.0045	0.0041	0.0038	0.0036	0.0034	0.0032	0.0031	0.0030	0.0030	0.0029	0.0029	0.0028	0.0028	0.0027	0.0026	0.0026	0.0025	0.0024	0.0024	0.0023	0.0022	0.0022	0.0021	
[FIN,CO]	0.5502	0.4620	0.3994	0.3515	0.3131	0.2812	0.2544	0.2319	0.2132	0.1981	0.1856	0.1754	0.1672	0.1609	0.1563	0.1527	0.1501	0.1479	0.1460	0.1441	0.1422	0.1402	0.1382	0.1360	0.1338	0.1314	0.1290	0.1264	0.1237	0.1210	0.1181	0.1151	0.1120	0.1088	0.1055	
[FIN,FC]	2.726	2.711	2.698	2.686	2.674	2.661	2.648	2.634	2.620	2.605	2.589	2.572	2.553	2.534	2.513	2.492	2.469	2.444	2.419	2.392	2.365	2.337	2.308	2.278	2.247	2.214	2.180	2.145	2.108	2.070	2.031	1.989	1.946	1.901	1.855	
[FIN,NOX]	0.3411	0.3163	0.2969	0.2806	0.2648	0.2492	0.2338	0.2183	0.2030	0.1879	0.1728	0.1582	0.1442	0.1311	0.1192	0.1087	0.0994	0.0911	0.0835	0.0765	0.0699	0.0638	0.0582	0.0531	0.0488	0.0451	0.0421	0.0397	0.0379	0.0366	0.0355	0.0346	0.0338	0.0330	0.0323	
[FIN,PM]	0.0093	0.0087	0.0082	0.0077	0.0072	0.0067	0.0063	0.0058	0.0053	0.0048	0.0044	0.0039	0.0034	0.0030	0.0027	0.0024	0.0021	0.0020	0.0018	0.0017	0.0017	0.0016	0.0016	0.0016	0.0016	0.0015	0.0015	0.0015	0.0015	0.0015	0.0014	0.0014	0.0014	0.0014	0.0013	
[FIN,VOC]	0.0590	0.0461	0.0371	0.0306	0.0255	0.0215	0.0181	0.0152	0.0127	0.0107	0.0090	0.0076	0.0066	0.0059	0.0053	0.0049	0.0046	0.0044	0.0042	0.0041	0.0040	0.0039	0.0038	0.0038	0.0037	0.0036	0.0036	0.0035	0.0034	0.0033	0.0032	0.0031	0.0031	0.0030	0.0029	
[FRA,CO]	0.3145	0.2697	0.2336	0.2052	0.1830	0.1662	0.1533	0.1436	0.1363	0.1310	0.1268	0.1235	0.1208	0.1185	0.1165	0.1145	0.1127	0.1108	0.1089	0.1069	0.1049	0.1028	0.1006	0.0984	0.0961	0.0937	0.0913	0.0889	0.0864	0.0838	0.0812	0.0786	0.0760	0.0734	0.0708	
[FRA,FC]	2.422	2.421	2.420	2.418	2.415	2.411	2.405	2.397	2.388	2.376	2.362	2.345	2.325	2.303	2.279	2.252	2.224	2.193	2.162	2.128	2.094	2.058	2.020	1.983	1.944	1.905	1.864	1.823	1.780	1.737	1.693	1.649	1.604	1.559	1.513	
[FRA,NOX]	0.5082	0.4714	0.4370	0.4048	0.3717	0.3413	0.3118	0.2837	0.2574	0.2330	0.2104	0.1896	0.1705	0.1532	0.1376	0.1237	0.1113	0.1004	0.0908	0.0824	0.0752	0.0690	0.0637	0.0592	0.0554	0.0522	0.0495	0.0471	0.0450	0.0432	0.0415	0.0400	0.0386	0.0373	0.0360	
[FRA,PM]	0.0130	0.0115	0.0102	0.0090	0.0079	0.0070	0.0062	0.0055	0.0048	0.0042	0.0038	0.0033	0.0030	0.0027	0.0024	0.0022	0.0021	0.0019	0.0018	0.0017	0.0017	0.0016	0.0016	0.0015	0.0015	0.0015	0.0014	0.0014	0.0014	0.0013	0.0013	0.0013	0.0012	0.0012	0.0012	
[FRA,VOC]	0.0357	0.0287	0.0230	0.0184	0.0148	0.0120	0.0098	0.0082	0.0069	0.0059	0.0051	0.0046	0.0041	0.0038	0.0035	0.0033	0.0032	0.0030	0.0029	0.0028	0.0027	0.0027	0.0026	0.0025	0.0024	0.0024	0.0023	0.0022	0.0021	0.0021	0.0020	0.0019	0.0019	0.0018	0.0017	
[GBR,CO]	0.3206	0.2935	0.2698	0.2492	0.2314	0.2164	0.2032	0.1917	0.1817	0.1729	0.1650	0.1580	0.1518	0.1462	0.1411	0.1366	0.1324	0.1285	0.1248	0.1214	0.1181	0.1149	0.1118	0.1087	0.1058	0.1029	0.1000	0.0974	0.0947	0.0921	0.0894	0.0868	0.0842	0.0816	0.0789	
[GBR,FC]	2.623	2.615	2.606	2.597	2.588	2.577	2.566	2.553	2.540	2.525	2.508	2.489	2.467	2.444	2.419	2.392	2.364	2.334	2.302	2.269	2.234	2.199	2.162	2.125	2.087	2.048	2.009	1.968	1.927	1.884	1.842	1.798	1.753	1.708	1.662	
[GBR,NOX]	0.3772	0.3490	0.3235	0.3003	0.2755	0.2527	0.2307	0.2102	0.1917	0.1750	0.1598	0.1461	0.1339	0.1230	0.1133	0.1049	0.0973	0.0906	0.0845	0.0791	0.0743	0.0699	0.0660	0.0625	0.0593	0.0564	0.0538	0.0515	0.0493	0.0473	0.0454	0.0437	0.0420	0.0404	0.0390	
[GBR,PM]	0.0074	0.0067	0.0060	0.0055	0.0050	0.0045	0.0042	0.0038	0.0036	0.0033	0.0031	0.0029	0.0027	0.0025	0.0024	0.0023	0.0022	0.0021	0.0020	0.0019	0.0019	0.0018	0.0017	0.0017	0.0016	0.0016	0.0016	0.0015	0.0015	0.0014	0.0014	0.0014	0.0013	0.0013	0.0013	
[GBR,VOC]	0.0296	0.0259	0.0226	0.0198	0.0174	0.0153	0.0136	0.0121	0.0107	0.0096	0.0086	0.0078	0.0070	0.0064	0.0058	0.0054	0.0050	0.0046	0.0043	0.0041	0.0038	0.0036	0.0034	0.0032	0.0030	0.0029	0.0027	0.0026	0.0025	0.0024	0.0023	0.0022	0.0022	0.0021	0.0020	
[GRC,CO]	0.6392	0.5863	0.5346	0.4845	0.4369	0.3932	0.3532	0.3175	0.2861	0.2591	0.2359	0.2164	0.2001	0.1865	0.1753	0.1660	0.1581	0.1514	0.1458	0.1409	0.1367	0.1329	0.1296	0.1265	0.1237	0.1210	0.1184	0.1159	0.1133	0.1108	0.1081	0.1054	0.1026	0.0997	0.0968	
[GRC,FC]	2.742	2.718	2.703	2.689	2.675	2.661	2.647	2.633	2.619	2.604	2.588	2.570	2.551	2.531	2.510	2.486	2.459	2.431	2.402	2.371	2.340	2.308	2.276	2.244	2.211	2.179	2.147	2.113	2.079	2.044	2.007	1.969	1.929	1.887	1.845	
[GRC,NOX]	0.2034	0.2013	0.1992	0.1968	0.1928	0.1883	0.1833	0.1781	0.1731	0.1681	0.1631	0.1580	0.1528	0.1473	0.1415	0.1353	0.1287	0.1217	0.1146	0.1073	0.1001	0.0930	0.0862	0.0797	0.0737	0.0682	0.0633	0.0590	0.0554	0.0524	0.0499	0.0478	0.0460	0.0445	0.0432	
[GRC,PM]	0.0043	0.0044	0.0044	0.0045	0.0044	0.0044	0.0043	0.0041	0.0039	0.0037	0.0035	0.0033	0.0030	0.0028	0.0026	0.0024	0.0022	0.0021	0.0020	0.0019	0.0018	0.0017	0.0017	0.0016	0.0016	0.0016	0.0015	0.0015	0.0015	0.0015	0.0015	0.0014	0.0014	0.0014	0.0014	
[GRC,VOC]	0.0580	0.0517	0.0455	0.0396	0.0340	0.0290	0.0245	0.0205	0.0172	0.0143	0.0119	0.0100	0.0084	0.0072	0.0063	0.0056	0.0050	0.0046	0.0043	0.0040	0.0038	0.0036	0.0035	0.0034	0.0033	0.0032	0.0031	0.0030	0.0030	0.0029	0.0028	0.0027	0.0027	0.0026	0.0025	
[HUN,CO]	0.8380	0.6904	0.5667	0.4662	0.3874	0.3283	0.2841	0.2515	0.2277	0.2102	0.1969	0.1866	0.1783	0.1715	0.1659	0.1612	0.1571	0.1536	0.1505	0.1477	0.1451	0.1425	0.1399	0.1373	0.1346	0.1319	0.1290	0.1261	0.1230	0.1199	0.1167	0.1134	0.1101	0.1067	0.1033	
[HUN,FC]	2.580	2.584	2.585	2.586	2.587	2.587	2.585	2.582	2.579	2.574	2.566	2.557	2.545	2.532	2.517	2.498	2.477	2.453	2.428	2.400	2.371	2.340	2.308	2.274	2.239	2.202	2.165	2.126	2.086	2.045	2.002	1.958	1.913	1.867	1.821	
[HUN,NOX]	0.3776	0.3463	0.3188	0.2949	0.2726	0.2535	0.2361	0.2199	0.2048	0.1905	0.1769	0.1636	0.1509	0.1387	0.1272	0.1162	0.1060	0.0967	0.0881	0.0804	0.0735	0.0672	0.0617	0.0568	0.0525	0.0487	0.0456	0.0429	0.0406	0.0388	0.0372	0.0359	0.0348	0.0338	0.0329	
[HUN,PM]	0.0120	0.0107	0.0095	0.0084	0.0075	0.0067	0.0061	0.0055	0.0049	0.0045	0.0040	0.0036	0.0033	0.0030	0.0027	0.0025	0.0023	0.0021	0.0019	0.0018	0.0017	0.0017	0.0016	0.0016	0.0015	0.0015	0.0015	0.0015	0.0014	0.0014	0.0014	0.0014	0.0014	0.0013	0.0013	
[HUN,VOC]	0.1019	0.0799	0.0616	0.0468	0.0353	0.0268	0.0205	0.0161	0.0129	0.0107	0.0090	0.0078	0.0069	0.0062	0.0056	0.0052	0.0048	0.0045	0.0043	0.0041	0.0040	0.0039	0.0038	0.0037	0.0036	0.0035	0.0034	0.0033	0.0033	0.0032	0.0031	0.0030	0.0029	0.0028	0.0027	
[IRL,CO]	0.2554	0.2270	0.2036	0.1841	0.1674	0.1530	0.1407	0.1302	0.1214	0.1142	0.1084	0.1037	0.1001	0.0973	0.0952	0.0936	0.0923	0.0912	0.0902	0.0891	0.0880	0.0868	0.0856	0.0842	0.0828	0.0814	0.0798	0.0783	0.0766	0.0750	0.0733	0.0716	0.0698	0.0680	0.0662	
[IRL,FC]	2.522	2.509	2.497	2.483	2.470	2.455	2.440	2.424	2.408	2.391	2.374	2.356	2.337	2.318	2.299	2.280	2.260	2.238	2.216	2.191	2.166	2.138	2.109	2.079	2.047	2.014	1.980	1.944	1.908	1.871	1.832	1.793	1.753	1.712	1.671	
[IRL,NOX]	0.3936	0.3757	0.3590	0.3433	0.3246	0.3052	0.2853	0.2656	0.2467	0.2286	0.2119	0.1960	0.1807	0.1662	0.1525	0.1400	0.1282	0.1172	0.1071	0.0979	0.0898	0.0827	0.0767	0.0717	0.0676	0.0643	0.0617	0.0596	0.0578	0.0562	0.0546	0.0532	0.0517	0.0503	0.0488	
[IRL,PM]	0.0073	0.0068	0.0064	0.0059	0.0055	0.0050	0.0046	0.0042	0.0038	0.0034	0.0031	0.0028	0.0025	0.0023	0.0021	0.0020	0.0019	0.0018	0.0018	0.0017	0.0017	0.0017	0.0017	0.0017	0.0016	0.0016	0.0016	0.0016	0.0015	0.0015	0.0015	0.0015	0.0014	0.0014	0.0014	
[IRL,VOC]	0.0198	0.0164	0.0137	0.0116	0.0098	0.0082	0.0070	0.0059	0.0050	0.0044	0.0038	0.0034	0.0030	0.0028	0.0026	0.0024	0.0023	0.0023	0.0022	0.0022	0.0021	0.0021	0.0021	0.0020	0.0020	0.0020	0.0019	0.0019	0.0018	0.0018	0.0017	0.0017	0.0016	0.0016	0.0015	
[ITA,CO]	0.3617	0.3082	0.2665	0.2349	0.2111	0.1930	0.1788	0.1673	0.1580	0.1504	0.1441	0.1389	0.1347	0.1312	0.1283	0.1257	0.1234	0.1212	0.1191	0.1171	0.1152	0.1133	0.1114	0.1094	0.1074	0.1052	0.1030	0.1007	0.0984	0.0961	0.0938	0.0916	0.0893	0.0869	0.0845	
[ITA,FC]	2.573	2.580	2.574	2.567	2.561	2.554	2.547	2.539	2.531	2.522	2.511	2.499	2.485	2.470	2.454	2.436	2.416	2.394	2.370	2.345	2.320	2.293	2.265	2.235	2.204	2.169	2.132	2.095	2.058	2.020	1.983	1.944	1.904	1.863	1.822	
[ITA,NOX]	0.3924	0.3704	0.3499	0.3314	0.3114	0.2924	0.2733	0.2543	0.2360	0.2183	0.2012	0.1849	0.1695	0.1552	0.1419	0.1298	0.1187	0.1086	0.0995	0.0914	0.0844	0.0783	0.0730	0.0684	0.0646	0.0614	0.0587	0.0565	0.0547	0.0532	0.0519	0.0507	0.0495	0.0483	0.0471	
[ITA,PM]	0.0113	0.0101	0.0090	0.0081	0.0073	0.0066	0.0059	0.0053	0.0048	0.0042	0.0038	0.0033	0.0030	0.0026	0.0024	0.0022	0.0020	0.0019	0.0018	0.0017	0.0017	0.0017	0.0016	0.0016	0.0016	0.0016	0.0016	0.0016	0.0015	0.0015	0.0015	0.0015	0.0014	0.0014	0.0014	
[ITA,VOC]	0.0375	0.0294	0.0233	0.0187	0.0154	0.0129	0.0111	0.0096	0.0084	0.0074	0.0066	0.0060	0.0056	0.0052	0.0049	0.0047	0.0045	0.0043	0.0042	0.0041	0.0040	0.0039	0.0038	0.0038	0.0037	0.0036	0.0035	0.0034	0.0033	0.0032	0.0032	0.0031	0.0030	0.0029	0.0028	
[NLD,CO]	0.4243	0.3617	0.3138	0.2782	0.2518	0.2323	0.2175	0.2061	0.1972	0.1900	0.1839	0.1788	0.1743	0.1702	0.1664	0.1628	0.1594	0.1560	0.1526	0.1491	0.1456	0.1421	0.1385	0.1348	0.1312	0.1275	0.1237	0.1198	0.1160	0.1121	0.1081	0.1042	0.1003	0.0963	0.0924	
[NLD,FC]	2.710	2.701	2.680	2.660	2.640	2.620	2.599	2.577	2.554	2.530	2.504	2.476	2.446	2.414	2.381	2.347	2.312	2.275	2.238	2.199	2.159	2.117	2.076	2.033	1.990	1.946	1.902	1.856	1.810	1.763	1.715	1.668	1.620	1.572	1.524	
[NLD,NOX]	0.2253	0.2057	0.1888	0.1743	0.1602	0.1473	0.1351	0.1237	0.1131	0.1032	0.0940	0.0855	0.0776	0.0703	0.0636	0.0576	0.0522	0.0473	0.0430	0.0392	0.0360	0.0333	0.0310	0.0292	0.0277	0.0266	0.0256	0.0249	0.0242	0.0237	0.0232	0.0228	0.0223	0.0219	0.0215	
[NLD,PM]	0.0051	0.0046	0.0042	0.0039	0.0035	0.0032	0.0029	0.0027	0.0025	0.0023	0.0021	0.0020	0.0019	0.0018	0.0017	0.0016	0.0016	0.0015	0.0015	0.0015	0.0014	0.0014	0.0014	0.0014	0.0014	0.0013	0.0013	0.0013	0.0013	0.0012	0.0012	0.0012	0.0012	0.0011	0.0011	
[NLD,VOC]	0.0370	0.0282	0.0218	0.0171	0.0137	0.0113	0.0095	0.0082	0.0073	0.0066	0.0061	0.0056	0.0053	0.0051	0.0049	0.0047	0.0046	0.0044	0.0043	0.0042	0.0041	0.0040	0.0039	0.0038	0.0036	0.0035	0.0034	0.0033	0.0032	0.0031	0.0029	0.0028	0.0027	0.0026	0.0025	
[POL,CO]	1.183	1.004	0.8460	0.7095	0.5947	0.5026	0.4280	0.3687	0.3225	0.2867	0.2592	0.2380	0.2215	0.2087	0.1985	0.1905	0.1840	0.1786	0.1742	0.1705	0.1672	0.1642	0.1613	0.1586	0.1559	0.1533	0.1507	0.1481	0.1454	0.1427	0.1399	0.1371	0.1342	0.1312	0.1282	
[POL,FC]	2.710	2.705	2.703	2.701	2.699	2.698	2.696	2.693	2.690	2.687	2.681	2.674	2.664	2.653	2.641	2.625	2.607	2.585	2.561	2.535	2.507	2.477	2.445	2.412	2.377	2.343	2.307	2.271	2.234	2.196	2.158	2.118	2.076	2.034	1.990	
[POL,NOX]	0.4281	0.4023	0.3793	0.3587	0.3398	0.3233	0.3081	0.2941	0.2809	0.2681	0.2555	0.2426	0.2293	0.2156	0.2016	0.1872	0.1726	0.1580	0.1436	0.1297	0.1165	0.1041	0.0928	0.0825	0.0733	0.0654	0.0587	0.0530	0.0482	0.0444	0.0413	0.0388	0.0368	0.0352	0.0338	
[POL,PM]	0.0170	0.0159	0.0148	0.0137	0.0126	0.0116	0.0106	0.0097	0.0087	0.0079	0.0070	0.0062	0.0055	0.0049	0.0042	0.0037	0.0032	0.0028	0.0025	0.0022	0.0020	0.0018	0.0017	0.0016	0.0015	0.0015	0.0014	0.0014	0.0014	0.0014	0.0013	0.0013	0.0013	0.0013	0.0013	
[POL,VOC]	0.1452	0.1191	0.0962	0.0767	0.0604	0.0475	0.0373	0.0293	0.0232	0.0185	0.0151	0.0125	0.0105	0.0090	0.0079	0.0070	0.0063	0.0058	0.0054	0.0051	0.0049	0.0047	0.0045	0.0044	0.0043	0.0042	0.0041	0.0040	0.0039	0.0038	0.0037	0.0036	0.0036	0.0035	0.0034	
[PRT,CO]	0.7709	0.6694	0.5683	0.4733	0.3895	0.3178	0.2631	0.2235	0.1955	0.1750	0.1594	0.1472	0.1376	0.1303	0.1247	0.1203	0.1166	0.1133	0.1104	0.1079	0.1058	0.1039	0.1021	0.1005	0.0988	0.0972	0.0955	0.0938	0.0919	0.0900	0.0879	0.0858	0.0836	0.0813	0.0790	
[PRT,FC]	2.487	2.485	2.479	2.473	2.468	2.462	2.455	2.447	2.438	2.429	2.418	2.405	2.391	2.375	2.359	2.341	2.322	2.300	2.277	2.253	2.227	2.202	2.175	2.148	2.120	2.090	2.060	2.028	1.994	1.958	1.921	1.882	1.842	1.801	1.758	
[PRT,NOX]	0.5043	0.4787	0.4529	0.4279	0.4020	0.3741	0.3477	0.3230	0.2999	0.2779	0.2570	0.2370	0.2183	0.2012	0.1855	0.1715	0.1584	0.1463	0.1352	0.1252	0.1163	0.1081	0.1004	0.0931	0.0862	0.0797	0.0738	0.0683	0.0635	0.0593	0.0559	0.0531	0.0510	0.0492	0.0476	
[PRT,PM]	0.0189	0.0176	0.0163	0.0150	0.0137	0.0123	0.0111	0.0099	0.0088	0.0078	0.0068	0.0059	0.0051	0.0044	0.0038	0.0033	0.0029	0.0026	0.0023	0.0021	0.0019	0.0018	0.0017	0.0016	0.0016	0.0016	0.0016	0.0015	0.0015	0.0015	0.0015	0.0014	0.0014	0.0014	0.0014	
[PRT,VOC]	0.0998	0.0845	0.0693	0.0551	0.0426	0.0321	0.0242	0.0187	0.0148	0.0120	0.0099	0.0081	0.0068	0.0057	0.0049	0.0043	0.0039	0.0035	0.0032	0.0030	0.0028	0.0026	0.0025	0.0025	0.0024	0.0024	0.0023	0.0023	0.0022	0.0022	0.0021	0.0021	0.0020	0.0019	0.0019	
[RCZ,CO]	0.4182	0.3795	0.3452	0.3152	0.2891	0.2669	0.2476	0.2310	0.2168	0.2046	0.1941	0.1852	0.1775	0.1709	0.1652	0.1602	0.1557	0.1515	0.1477	0.1441	0.1407	0.1375	0.1343	0.1312	0.1282	0.1252	0.1222	0.1193	0.1163	0.1134	0.1104	0.1074	0.1044	0.1013	0.0983	
[RCZ,FC]	2.598	2.596	2.593	2.590	2.588	2.584	2.579	2.574	2.567	2.560	2.551	2.539	2.526	2.512	2.496	2.477	2.455	2.430	2.403	2.374	2.344	2.311	2.278	2.243	2.207	2.170	2.132	2.094	2.055	2.016	1.976	1.935	1.892	1.849	1.805	
[RCZ,NOX]	0.3464	0.3284	0.3115	0.2959	0.2795	0.2639	0.2486	0.2337	0.2194	0.2052	0.1909	0.1763	0.1620	0.1484	0.1357	0.1239	0.1131	0.1032	0.0944	0.0866	0.0796	0.0735	0.0681	0.0634	0.0592	0.0556	0.0524	0.0497	0.0473	0.0452	0.0433	0.0417	0.0402	0.0388	0.0375	
[RCZ,PM]	0.0129	0.0117	0.0106	0.0094	0.0084	0.0074	0.0066	0.0058	0.0052	0.0046	0.0041	0.0037	0.0033	0.0030	0.0028	0.0026	0.0024	0.0022	0.0021	0.0020	0.0019	0.0018	0.0017	0.0017	0.0016	0.0016	0.0015	0.0015	0.0015	0.0015	0.0014	0.0014	0.0014	0.0013	0.0013	
[RCZ,VOC]	0.0396	0.0344	0.0297	0.0257	0.0221	0.0191	0.0165	0.0143	0.0124	0.0108	0.0095	0.0085	0.0076	0.0068	0.0062	0.0057	0.0053	0.0050	0.0047	0.0045	0.0043	0.0041	0.0039	0.0038	0.0037	0.0036	0.0034	0.0033	0.0032	0.0031	0.0030	0.0030	0.0029	0.0028	0.0027	
[RFA,CO]	0.3596	0.3215	0.2891	0.2615	0.2382	0.2185	0.2020	0.1882	0.1768	0.1674	0.1594	0.1528	0.1471	0.1422	0.1380	0.1343	0.1310	0.1278	0.1249	0.1221	0.1194	0.1167	0.1141	0.1115	0.1089	0.1064	0.1038	0.1011	0.0985	0.0958	0.0931	0.0904	0.0877	0.0849	0.0821	
[RFA,FC]	2.675	2.667	2.659	2.650	2.641	2.631	2.619	2.606	2.592	2.577	2.559	2.539	2.518	2.494	2.469	2.442	2.413	2.382	2.349	2.315	2.279	2.242	2.204	2.166	2.126	2.086	2.044	2.002	1.959	1.915	1.871	1.825	1.779	1.732	1.685	
[RFA,NOX]	0.3336	0.3122	0.2922	0.2737	0.2535	0.2334	0.2138	0.1952	0.1781	0.1625	0.1481	0.1350	0.1232	0.1126	0.1031	0.0948	0.0873	0.0807	0.0748	0.0697	0.0651	0.0611	0.0576	0.0545	0.0518	0.0495	0.0473	0.0454	0.0437	0.0422	0.0408	0.0394	0.0382	0.0370	0.0358	
[RFA,PM]	0.0073	0.0066	0.0059	0.0053	0.0048	0.0043	0.0039	0.0035	0.0032	0.0029	0.0027	0.0025	0.0024	0.0022	0.0021	0.0020	0.0019	0.0018	0.0018	0.0017	0.0017	0.0016	0.0016	0.0016	0.0015	0.0015	0.0015	0.0014	0.0014	0.0014	0.0014	0.0013	0.0013	0.0013	0.0013	
[RFA,VOC]	0.0337	0.0285	0.0240	0.0202	0.0171	0.0144	0.0122	0.0104	0.0090	0.0078	0.0068	0.0061	0.0055	0.0050	0.0046	0.0043	0.0040	0.0038	0.0036	0.0035	0.0033	0.0032	0.0031	0.0030	0.0029	0.0028	0.0027	0.0027	0.0026	0.0025	0.0024	0.0023	0.0023	0.0022	0.0021	
[RSL,CO]	0.3383	0.2898	0.2537	0.2270	0.2071	0.1922	0.1805	0.1712	0.1636	0.1577	0.1529	0.1491	0.1461	0.1436	0.1416	0.1397	0.1379	0.1360	0.1341	0.1321	0.1300	0.1278	0.1255	0.1230	0.1205	0.1179	0.1153	0.1126	0.1099	0.1071	0.1043	0.1014	0.0985	0.0955	0.0925	
[RSL,FC]	2.579	2.576	2.572	2.570	2.568	2.566	2.562	2.558	2.553	2.546	2.538	2.527	2.514	2.499	2.483	2.464	2.442	2.416	2.388	2.358	2.326	2.293	2.258	2.221	2.183	2.145	2.106	2.067	2.027	1.986	1.944	1.901	1.857	1.812	1.766	
[RSL,NOX]	0.3483	0.3308	0.3158	0.3027	0.2891	0.2761	0.2624	0.2480	0.2324	0.2152	0.1970	0.1786	0.1608	0.1439	0.1282	0.1141	0.1013	0.0900	0.0802	0.0718	0.0649	0.0592	0.0546	0.0508	0.0479	0.0456	0.0437	0.0423	0.0411	0.0400	0.0390	0.0381	0.0373	0.0364	0.0355	
[RSL,PM]	0.0091	0.0084	0.0076	0.0068	0.0060	0.0052	0.0046	0.0040	0.0035	0.0031	0.0027	0.0024	0.0022	0.0021	0.0019	0.0018	0.0018	0.0017	0.0017	0.0017	0.0016	0.0016	0.0016	0.0016	0.0015	0.0015	0.0015	0.0015	0.0014	0.0014	0.0014	0.0014	0.0014	0.0013	0.0013	
[RSL,VOC]	0.0277	0.0215	0.0168	0.0135	0.0110	0.0092	0.0079	0.0069	0.0061	0.0055	0.0050	0.0046	0.0044	0.0042	0.0040	0.0039	0.0038	0.0037	0.0037	0.0036	0.0035	0.0035	0.0034	0.0033	0.0032	0.0032	0.0031	0.0030	0.0029	0.0028	0.0028	0.0027	0.0026	0.0025	0.0024	
[CYP,CO]	0.7228	0.6153	0.5233	0.4458	0.3815	0.3303	0.2888	0.2557	0.2295	0.2088	0.1927	0.1799	0.1697	0.1615	0.1548	0.1490	0.1441	0.1399	0.1361	0.1326	0.1295	0.1265	0.1237	0.1211	0.1185	0.1160	0.1135	0.1110	0.1085	0.1060	0.1035	0.1009	0.0983	0.0956	0.0929	
[CYP,FC]	2.681	2.670	2.659	2.648	2.637	2.627	2.616	2.604	2.593	2.580	2.567	2.552	2.536	2.518	2.500	2.479	2.455	2.429	2.402	2.373	2.342	2.310	2.277	2.243	2.208	2.172	2.136	2.098	2.061	2.023	1.984	1.943	1.901	1.858	1.815	
[CYP,NOX]	0.2587	0.2466	0.2365	0.2278	0.2186	0.2100	0.2005	0.1894	0.1782	0.1676	0.1573	0.1473	0.1377	0.1286	0.1199	0.1115	0.1036	0.0961	0.0892	0.0828	0.0768	0.0714	0.0664	0.0620	0.0581	0.0547	0.0517	0.0491	0.0468	0.0449	0.0432	0.0417	0.0404	0.0392	0.0381	
[CYP,PM]	0.0070	0.0062	0.0056	0.0050	0.0045	0.0040	0.0037	0.0034	0.0031	0.0029	0.0027	0.0025	0.0024	0.0022	0.0021	0.0020	0.0020	0.0019	0.0018	0.0018	0.0017	0.0017	0.0017	0.0016	0.0016	0.0016	0.0015	0.0015	0.0015	0.0015	0.0015	0.0014	0.0014	0.0014	0.0013	
[CYP,VOC]	0.0808	0.0655	0.0526	0.0418	0.0330	0.0261	0.0207	0.0165	0.0132	0.0108	0.0089	0.0076	0.0066	0.0058	0.0052	0.0048	0.0044	0.0041	0.0039	0.0038	0.0036	0.0035	0.0034	0.0033	0.0032	0.0031	0.0030	0.0029	0.0029	0.0028	0.0027	0.0026	0.0026	0.0025	0.0024	
[MLT,CO]	0.8766	0.7898	0.7099	0.6373	0.5719	0.5138	0.4622	0.4166	0.3767	0.3419	0.3113	0.2848	0.2619	0.2422	0.2253	0.2107	0.1979	0.1868	0.1771	0.1686	0.1610	0.1535	0.1468	0.1408	0.1354	0.1304	0.1255	0.1214	0.1175	0.1137	0.1100	0.1063	0.1027	0.0991	0.0955	
[MLT,FC]	2.548	2.545	2.542	2.538	2.535	2.531	2.526	2.520	2.514	2.506	2.496	2.483	2.468	2.450	2.432	2.409	2.384	2.357	2.327	2.296	2.262	2.227	2.191	2.153	2.115	2.075	2.035	1.994	1.952	1.909	1.866	1.822	1.777	1.731	1.684	
[MLT,NOX]	0.3715	0.3563	0.3417	0.3278	0.3136	0.2997	0.2860	0.2724	0.2592	0.2460	0.2328	0.2195	0.2061	0.1928	0.1795	0.1663	0.1533	0.1408	0.1288	0.1175	0.1070	0.0972	0.0884	0.0804	0.0733	0.0671	0.0615	0.0568	0.0526	0.0489	0.0457	0.0429	0.0404	0.0381	0.0361	
[MLT,PM]	0.0160	0.0149	0.0139	0.0129	0.0119	0.0109	0.0100	0.0092	0.0083	0.0075	0.0068	0.0061	0.0055	0.0049	0.0044	0.0040	0.0036	0.0033	0.0030	0.0027	0.0025	0.0023	0.0021	0.0020	0.0019	0.0018	0.0017	0.0016	0.0015	0.0015	0.0014	0.0014	0.0013	0.0013	0.0013	
[MLT,VOC]	0.1078	0.0949	0.0831	0.0725	0.0630	0.0547	0.0473	0.0408	0.0352	0.0303	0.0260	0.0223	0.0192	0.0166	0.0143	0.0125	0.0109	0.0095	0.0084	0.0075	0.0067	0.0059	0.0053	0.0048	0.0044	0.0040	0.0037	0.0035	0.0033	0.0031	0.0030	0.0029	0.0027	0.0026	0.0025	
[SLO,CO]	0.2571	0.2246	0.2028	0.1875	0.1764	0.1682	0.1620	0.1571	0.1532	0.1500	0.1474	0.1451	0.1431	0.1414	0.1398	0.1383	0.1368	0.1351	0.1334	0.1315	0.1295	0.1273	0.1251	0.1227	0.1202	0.1176	0.1149	0.1121	0.1093	0.1064	0.1035	0.1006	0.0977	0.0947	0.0918	
[SLO,FC]	2.517	2.513	2.512	2.512	2.512	2.512	2.511	2.508	2.505	2.500	2.493	2.484	2.473	2.459	2.444	2.427	2.407	2.384	2.359	2.332	2.303	2.272	2.239	2.205	2.169	2.131	2.093	2.053	2.013	1.972	1.930	1.887	1.844	1.799	1.755	
[SLO,NOX]	0.3987	0.3716	0.3477	0.3258	0.3025	0.2804	0.2582	0.2365	0.2157	0.1961	0.1780	0.1613	0.1461	0.1322	0.1196	0.1081	0.0977	0.0882	0.0798	0.0725	0.0662	0.0609	0.0566	0.0532	0.0505	0.0484	0.0468	0.0454	0.0443	0.0432	0.0423	0.0413	0.0404	0.0394	0.0384	
[SLO,PM]	0.0133	0.0109	0.0092	0.0080	0.0070	0.0061	0.0054	0.0047	0.0041	0.0035	0.0031	0.0027	0.0024	0.0021	0.0020	0.0018	0.0018	0.0017	0.0017	0.0016	0.0016	0.0016	0.0016	0.0016	0.0015	0.0015	0.0015	0.0015	0.0015	0.0014	0.0014	0.0014	0.0014	0.0013	0.0013	
[SLO,VOC]	0.0226	0.0174	0.0140	0.0116	0.0099	0.0085	0.0075	0.0066	0.0059	0.0053	0.0048	0.0045	0.0042	0.0040	0.0038	0.0037	0.0036	0.0035	0.0035	0.0034	0.0034	0.0033	0.0032	0.0032	0.0031	0.0030	0.0029	0.0029	0.0028	0.0027	0.0026	0.0025	0.0025	0.0024	0.0023	
[SWE,CO]	0.4585	0.4072	0.3622	0.3230	0.2891	0.2593	0.2340	0.2124	0.1942	0.1788	0.1658	0.1549	0.1456	0.1378	0.1311	0.1254	0.1206	0.1163	0.1125	0.1091	0.1061	0.1032	0.1005	0.0980	0.0956	0.0932	0.0908	0.0885	0.0862	0.0838	0.0815	0.0791	0.0768	0.0744	0.0720	
[SWE,FC]	2.767	2.746	2.724	2.703	2.683	2.662	2.641	2.619	2.596	2.574	2.549	2.523	2.495	2.466	2.435	2.404	2.371	2.338	2.303	2.267	2.231	2.193	2.155	2.117	2.078	2.038	1.997	1.954	1.910	1.866	1.821	1.775	1.729	1.682	1.635	
[SWE,NOX]	0.3767	0.3550	0.3346	0.3155	0.2948	0.2736	0.2528	0.2329	0.2145	0.1974	0.1815	0.1668	0.1534	0.1410	0.1298	0.1197	0.1105	0.1022	0.0947	0.0879	0.0818	0.0763	0.0714	0.0670	0.0631	0.0596	0.0564	0.0536	0.0510	0.0487	0.0465	0.0446	0.0428	0.0411	0.0395	
[SWE,PM]	0.0058	0.0054	0.0050	0.0046	0.0042	0.0039	0.0036	0.0034	0.0031	0.0029	0.0027	0.0026	0.0024	0.0023	0.0022	0.0021	0.0020	0.0019	0.0018	0.0018	0.0017	0.0017	0.0016	0.0016	0.0016	0.0015	0.0015	0.0015	0.0014	0.0014	0.0014	0.0013	0.0013	0.0013	0.0012	
[SWE,VOC]	0.0518	0.0445	0.0381	0.0326	0.0278	0.0236	0.0200	0.0170	0.0145	0.0124	0.0106	0.0092	0.0080	0.0070	0.0062	0.0056	0.0050	0.0046	0.0042	0.0039	0.0037	0.0035	0.0033	0.0031	0.0030	0.0029	0.0027	0.0026	0.0025	0.0024	0.0024	0.0023	0.0022	0.0021	0.0020	
[BGR,CO]	0.6432	0.5678	0.5052	0.4520	0.4072	0.3686	0.3359	0.3085	0.2854	0.2662	0.2502	0.2368	0.2255	0.2160	0.2080	0.2009	0.1946	0.1888	0.1835	0.1785	0.1737	0.1690	0.1642	0.1597	0.1551	0.1507	0.1463	0.1421	0.1378	0.1336	0.1294	0.1251	0.1209	0.1167	0.1125	
[BGR,FC]	2.932	2.881	2.870	2.860	2.853	2.844	2.834	2.823	2.811	2.799	2.785	2.769	2.751	2.732	2.712	2.689	2.662	2.632	2.600	2.565	2.529	2.490	2.449	2.406	2.363	2.319	2.275	2.231	2.186	2.140	2.093	2.045	1.995	1.945	1.893	
[BGR,NOX]	0.4733	0.4478	0.4277	0.4086	0.3897	0.3709	0.3519	0.3322	0.3108	0.2867	0.2614	0.2365	0.2128	0.1907	0.1704	0.1520	0.1356	0.1212	0.1086	0.0977	0.0882	0.0800	0.0730	0.0670	0.0618	0.0575	0.0538	0.0506	0.0479	0.0456	0.0435	0.0417	0.0401	0.0386	0.0372	
[BGR,PM]	0.0181	0.0167	0.0151	0.0135	0.0120	0.0107	0.0095	0.0084	0.0074	0.0065	0.0058	0.0051	0.0046	0.0041	0.0036	0.0033	0.0030	0.0027	0.0025	0.0023	0.0021	0.0020	0.0019	0.0018	0.0017	0.0016	0.0016	0.0015	0.0015	0.0014	0.0014	0.0014	0.0013	0.0013	0.0013	
[BGR,VOC]	0.0748	0.0640	0.0546	0.0465	0.0396	0.0336	0.0285	0.0243	0.0207	0.0178	0.0153	0.0133	0.0116	0.0102	0.0091	0.0082	0.0074	0.0067	0.0062	0.0058	0.0054	0.0050	0.0047	0.0045	0.0043	0.0041	0.0039	0.0037	0.0036	0.0035	0.0033	0.0032	0.0031	0.0030	0.0028	
[CRO,CO]	0.7299	0.5782	0.4611	0.3742	0.3120	0.2682	0.2372	0.2152	0.1995	0.1882	0.1799	0.1738	0.1693	0.1660	0.1635	0.1614	0.1596	0.1579	0.1563	0.1546	0.1528	0.1509	0.1487	0.1463	0.1438	0.1410	0.1381	0.1350	0.1319	0.1286	0.1253	0.1219	0.1185	0.1150	0.1115	
[CRO,FC]	2.532	2.538	2.541	2.547	2.556	2.563	2.569	2.574	2.578	2.581	2.581	2.580	2.576	2.571	2.564	2.553	2.540	2.523	2.503	2.481	2.456	2.428	2.398	2.366	2.332	2.296	2.259	2.221	2.181	2.140	2.099	2.056	2.011	1.966	1.920	
[CRO,NOX]	0.4559	0.4272	0.4019	0.3798	0.3582	0.3389	0.3200	0.3011	0.2821	0.2626	0.2428	0.2229	0.2035	0.1849	0.1673	0.1511	0.1361	0.1225	0.1103	0.0994	0.0897	0.0812	0.0738	0.0674	0.0620	0.0575	0.0537	0.0507	0.0483	0.0464	0.0448	0.0435	0.0424	0.0413	0.0403	
[CRO,PM]	0.0125	0.0118	0.0111	0.0103	0.0095	0.0087	0.0080	0.0073	0.0065	0.0059	0.0052	0.0046	0.0040	0.0035	0.0031	0.0027	0.0024	0.0021	0.0019	0.0018	0.0017	0.0016	0.0016	0.0015	0.0015	0.0015	0.0015	0.0015	0.0014	0.0014	0.0014	0.0014	0.0014	0.0013	0.0013	
[CRO,VOC]	0.0858	0.0639	0.0472	0.0349	0.0261	0.0200	0.0158	0.0128	0.0106	0.0090	0.0077	0.0068	0.0061	0.0055	0.0051	0.0047	0.0045	0.0042	0.0041	0.0040	0.0039	0.0038	0.0037	0.0036	0.0035	0.0035	0.0034	0.0033	0.0032	0.0031	0.0031	0.0030	0.0029	0.0028	0.0027	
[RBAL,CO]	1.221	1.049	0.8996	0.7696	0.6594	0.5679	0.4940	0.4357	0.3905	0.3557	0.3285	0.3068	0.2888	0.2735	0.2602	0.2484	0.2381	0.2291	0.2214	0.2148	0.2091	0.2043	0.1999	0.1959	0.1919	0.1880	0.1841	0.1801	0.1760	0.1719	0.1677	0.1634	0.1590	0.1545	0.1500	
[RBAL,FC]	3.106	3.113	3.121	3.127	3.133	3.137	3.140	3.142	3.142	3.141	3.136	3.128	3.118	3.104	3.087	3.066	3.041	3.012	2.979	2.944	2.906	2.866	2.824	2.781	2.736	2.690	2.643	2.595	2.546	2.496	2.444	2.390	2.336	2.279	2.222	
[RBAL,NOX]	0.2633	0.2349	0.2094	0.1870	0.1674	0.1506	0.1362	0.1241	0.1139	0.1050	0.0972	0.0901	0.0834	0.0772	0.0713	0.0656	0.0604	0.0554	0.0508	0.0465	0.0426	0.0390	0.0358	0.0329	0.0303	0.0280	0.0260	0.0243	0.0229	0.0218	0.0209	0.0202	0.0196	0.0192	0.0189	
[RBAL,PM]	0.0066	0.0060	0.0054	0.0049	0.0044	0.0040	0.0037	0.0033	0.0031	0.0028	0.0026	0.0024	0.0023	0.0021	0.0020	0.0019	0.0018	0.0017	0.0016	0.0016	0.0015	0.0015	0.0014	0.0014	0.0014	0.0013	0.0013	0.0013	0.0013	0.0013	0.0013	0.0012	0.0012	0.0012	0.0012	
[RBAL,VOC]	0.1832	0.1503	0.1214	0.0966	0.0759	0.0590	0.0458	0.0358	0.0285	0.0232	0.0195	0.0168	0.0149	0.0134	0.0122	0.0113	0.0106	0.0100	0.0096	0.0092	0.0089	0.0087	0.0084	0.0082	0.0080	0.0078	0.0076	0.0074	0.0073	0.0071	0.0069	0.0066	0.0064	0.0062	0.0060	
[ROM,CO]	0.2804	0.2617	0.2447	0.2298	0.2169	0.2052	0.1950	0.1862	0.1786	0.1721	0.1665	0.1616	0.1575	0.1539	0.1507	0.1477	0.1449	0.1421	0.1394	0.1366	0.1338	0.1309	0.1280	0.1249	0.1219	0.1189	0.1159	0.1128	0.1097	0.1066	0.1035	0.1003	0.0971	0.0939	0.0906	
[ROM,FC]	2.582	2.584	2.584	2.584	2.586	2.586	2.585	2.582	2.579	2.574	2.567	2.557	2.546	2.532	2.517	2.497	2.475	2.449	2.420	2.389	2.355	2.320	2.282	2.244	2.204	2.165	2.125	2.085	2.044	2.003	1.960	1.916	1.871	1.824	1.777	
[ROM,NOX]	0.3457	0.3407	0.3352	0.3298	0.3232	0.3159	0.3074	0.2973	0.2851	0.2699	0.2517	0.2316	0.2110	0.1908	0.1714	0.1532	0.1366	0.1216	0.1083	0.0967	0.0867	0.0781	0.0709	0.0649	0.0599	0.0559	0.0525	0.0498	0.0476	0.0458	0.0442	0.0428	0.0416	0.0404	0.0393	
[ROM,PM]	0.0132	0.0124	0.0113	0.0101	0.0090	0.0079	0.0070	0.0061	0.0054	0.0047	0.0041	0.0037	0.0032	0.0029	0.0026	0.0024	0.0022	0.0020	0.0019	0.0018	0.0017	0.0017	0.0016	0.0016	0.0015	0.0015	0.0015	0.0015	0.0015	0.0014	0.0014	0.0014	0.0014	0.0013	0.0013	
[ROM,VOC]	0.0218	0.0194	0.0172	0.0151	0.0133	0.0116	0.0102	0.0090	0.0080	0.0072	0.0064	0.0059	0.0054	0.0050	0.0046	0.0043	0.0041	0.0039	0.0038	0.0036	0.0035	0.0034	0.0033	0.0032	0.0031	0.0030	0.0029	0.0029	0.0028	0.0027	0.0026	0.0025	0.0024	0.0023	0.0022	
[ISL,CO]	0.5514	0.4360	0.3540	0.2968	0.2564	0.2269	0.2044	0.1865	0.1718	0.1596	0.1495	0.1410	0.1338	0.1277	0.1226	0.1182	0.1145	0.1113	0.1086	0.1062	0.1039	0.1017	0.0994	0.0970	0.0945	0.0920	0.0893	0.0867	0.0840	0.0813	0.0787	0.0760	0.0733	0.0706	0.0679	
[ISL,FC]	2.824	2.799	2.775	2.752	2.730	2.705	2.679	2.651	2.621	2.590	2.558	2.525	2.490	2.455	2.418	2.381	2.344	2.306	2.268	2.230	2.190	2.150	2.107	2.063	2.017	1.969	1.920	1.870	1.819	1.769	1.719	1.668	1.617	1.566	1.516	
[ISL,NOX]	0.3719	0.3363	0.3082	0.2859	0.2652	0.2464	0.2287	0.2120	0.1967	0.1824	0.1692	0.1570	0.1456	0.1349	0.1250	0.1157	0.1069	0.0988	0.0912	0.0842	0.0776	0.0713	0.0654	0.0599	0.0548	0.0504	0.0465	0.0433	0.0408	0.0387	0.0370	0.0356	0.0343	0.0332	0.0320	
[ISL,PM]	0.0130	0.0108	0.0092	0.0079	0.0070	0.0062	0.0055	0.0049	0.0044	0.0039	0.0035	0.0032	0.0029	0.0026	0.0024	0.0022	0.0020	0.0018	0.0017	0.0016	0.0016	0.0015	0.0015	0.0014	0.0014	0.0014	0.0014	0.0013	0.0013	0.0013	0.0012	0.0012	0.0012	0.0012	0.0011	
[ISL,VOC]	0.0650	0.0474	0.0351	0.0267	0.0210	0.0170	0.0140	0.0117	0.0099	0.0084	0.0073	0.0064	0.0057	0.0052	0.0048	0.0044	0.0042	0.0039	0.0038	0.0036	0.0035	0.0034	0.0033	0.0032	0.0031	0.0030	0.0029	0.0028	0.0027	0.0026	0.0025	0.0024	0.0023	0.0022	0.0021	
[NOR,CO]	0.4224	0.3314	0.2683	0.2248	0.1945	0.1725	0.1560	0.1432	0.1331	0.1250	0.1185	0.1132	0.1090	0.1055	0.1026	0.1001	0.0979	0.0958	0.0938	0.0918	0.0897	0.0875	0.0852	0.0828	0.0803	0.0778	0.0752	0.0725	0.0698	0.0671	0.0643	0.0616	0.0588	0.0560	0.0532	
[NOR,FC]	2.578	2.532	2.493	2.461	2.435	2.407	2.378	2.347	2.315	2.282	2.249	2.214	2.179	2.144	2.108	2.070	2.030	1.989	1.947	1.904	1.860	1.815	1.769	1.724	1.677	1.631	1.584	1.536	1.489	1.440	1.391	1.342	1.293	1.244	1.195	
[NOR,NOX]	0.4445	0.4089	0.3797	0.3553	0.3324	0.3108	0.2900	0.2700	0.2507	0.2321	0.2140	0.1966	0.1797	0.1633	0.1475	0.1324	0.1180	0.1045	0.0919	0.0805	0.0703	0.0614	0.0539	0.0477	0.0427	0.0388	0.0357	0.0333	0.0314	0.0299	0.0286	0.0274	0.0263	0.0253	0.0243	
[NOR,PM]	0.0119	0.0105	0.0094	0.0085	0.0077	0.0069	0.0063	0.0057	0.0051	0.0046	0.0041	0.0037	0.0033	0.0029	0.0025	0.0022	0.0020	0.0018	0.0016	0.0015	0.0014	0.0013	0.0013	0.0013	0.0012	0.0012	0.0012	0.0011	0.0011	0.0011	0.0011	0.0010	0.0010	0.0010	0.000990646	
[NOR,VOC]	0.0498	0.0361	0.0267	0.0204	0.0160	0.0129	0.0105	0.0088	0.0073	0.0062	0.0053	0.0046	0.0040	0.0036	0.0033	0.0030	0.0028	0.0026	0.0025	0.0024	0.0023	0.0022	0.0022	0.0021	0.0020	0.0020	0.0019	0.0018	0.0017	0.0016	0.0016	0.0015	0.0014	0.0013	0.0012	
[SUI,CO]	0.3032	0.2543	0.2216	0.1991	0.1834	0.1718	0.1631	0.1563	0.1508	0.1464	0.1425	0.1392	0.1361	0.1333	0.1306	0.1279	0.1253	0.1227	0.1201	0.1175	0.1149	0.1122	0.1095	0.1068	0.1040	0.1012	0.0984	0.0955	0.0926	0.0896	0.0867	0.0837	0.0806	0.0776	0.0746	
[SUI,FC]	2.887	2.865	2.843	2.821	2.798	2.775	2.749	2.722	2.694	2.665	2.634	2.601	2.565	2.529	2.491	2.451	2.411	2.370	2.327	2.285	2.241	2.197	2.152	2.106	2.060	2.013	1.965	1.916	1.866	1.816	1.765	1.713	1.661	1.609	1.557	
[SUI,NOX]	0.2906	0.2703	0.2529	0.2374	0.2203	0.2034	0.1865	0.1700	0.1544	0.1397	0.1260	0.1134	0.1018	0.0914	0.0821	0.0739	0.0668	0.0608	0.0557	0.0515	0.0481	0.0453	0.0430	0.0411	0.0396	0.0383	0.0371	0.0360	0.0350	0.0341	0.0332	0.0323	0.0313	0.0304	0.0295	
[SUI,PM]	0.0050	0.0046	0.0042	0.0038	0.0035	0.0032	0.0029	0.0026	0.0024	0.0022	0.0021	0.0020	0.0019	0.0018	0.0017	0.0017	0.0016	0.0016	0.0016	0.0015	0.0015	0.0015	0.0015	0.0014	0.0014	0.0014	0.0014	0.0013	0.0013	0.0013	0.0013	0.0012	0.0012	0.0012	0.0011	
[SUI,VOC]	0.0232	0.0167	0.0126	0.0099	0.0081	0.0069	0.0060	0.0054	0.0050	0.0046	0.0043	0.0041	0.0040	0.0038	0.0037	0.0036	0.0035	0.0034	0.0033	0.0032	0.0032	0.0031	0.0030	0.0029	0.0028	0.0027	0.0026	0.0026	0.0025	0.0024	0.0023	0.0022	0.0021	0.0020	0.0019	
[TUR,CO]	0.4638	0.4219	0.3856	0.3546	0.3284	0.3065	0.2883	0.2732	0.2608	0.2508	0.2424	0.2355	0.2298	0.2249	0.2208	0.2173	0.2143	0.2116	0.2092	0.2069	0.2047	0.2025	0.2003	0.1981	0.1958	0.1935	0.1911	0.1887	0.1863	0.1838	0.1813	0.1787	0.1761	0.1734	0.1707	
[TUR,FC]	3.062	3.063	3.065	3.065	3.065	3.064	3.062	3.059	3.054	3.048	3.040	3.029	3.015	3	2.981	2.960	2.935	2.908	2.877	2.845	2.810	2.773	2.735	2.694	2.653	2.610	2.567	2.523	2.478	2.432	2.385	2.336	2.286	2.235	2.183	
[TUR,NOX]	0.2699	0.2611	0.2525	0.2442	0.2345	0.2244	0.2137	0.2024	0.1908	0.1789	0.1666	0.1541	0.1417	0.1296	0.1180	0.1069	0.0964	0.0868	0.0780	0.0701	0.0631	0.0570	0.0517	0.0472	0.0433	0.0400	0.0372	0.0349	0.0329	0.0311	0.0296	0.0281	0.0268	0.0255	0.0242	
[TUR,PM]	0.0033	0.0033	0.0032	0.0030	0.0029	0.0027	0.0026	0.0025	0.0023	0.0022	0.0021	0.0020	0.0019	0.0018	0.0017	0.0016	0.0016	0.0015	0.0015	0.0015	0.0014	0.0014	0.0014	0.0013	0.0013	0.0013	0.0013	0.0012	0.0012	0.0012	0.0012	0.0011	0.0011	0.0011	0.0011	
[TUR,VOC]	0.0289	0.0245	0.0209	0.0177	0.0152	0.0131	0.0113	0.0100	0.0089	0.0080	0.0073	0.0068	0.0064	0.0060	0.0058	0.0056	0.0054	0.0053	0.0052	0.0051	0.0050	0.0049	0.0049	0.0048	0.0047	0.0047	0.0046	0.0045	0.0045	0.0044	0.0043	0.0043	0.0042	0.0041	0.0041	
[CAN,CO]	0.4710	0.4064	0.3583	0.3228	0.2966	0.2770	0.2618	0.2499	0.2402	0.2323	0.2256	0.2197	0.2145	0.2098	0.2054	0.2011	0.1970	0.1928	0.1885	0.1842	0.1798	0.1753	0.1708	0.1663	0.1617	0.1571	0.1524	0.1477	0.1429	0.1380	0.1331	0.1283	0.1234	0.1185	0.1136	
[CAN,FC]	3.170	3.179	3.184	3.187	3.186	3.183	3.175	3.165	3.151	3.134	3.112	3.085	3.053	3.018	2.979	2.937	2.891	2.844	2.794	2.742	2.689	2.634	2.579	2.523	2.466	2.408	2.349	2.289	2.228	2.166	2.104	2.041	1.978	1.915	1.852	
[CAN,NOX]	0.0973	0.0837	0.0731	0.0647	0.0576	0.0516	0.0463	0.0416	0.0375	0.0339	0.0307	0.0279	0.0254	0.0232	0.0213	0.0196	0.0181	0.0169	0.0158	0.0149	0.0141	0.0135	0.0131	0.0127	0.0125	0.0124	0.0123	0.0123	0.0124	0.0124	0.0125	0.0126	0.0127	0.0128	0.0129	
[CAN,PM]	0.0020	0.0019	0.0019	0.0018	0.0018	0.0017	0.0017	0.0016	0.0016	0.0016	0.0016	0.0016	0.0015	0.0015	0.0015	0.0015	0.0015	0.0015	0.0014	0.0014	0.0014	0.0014	0.0014	0.0014	0.0013	0.0013	0.0013	0.0013	0.0012	0.0012	0.0012	0.0012	0.0012	0.0011	0.0011	
[CAN,VOC]	0.0363	0.0276	0.0213	0.0169	0.0139	0.0117	0.0102	0.0091	0.0083	0.0077	0.0072	0.0068	0.0066	0.0063	0.0061	0.0060	0.0058	0.0056	0.0055	0.0054	0.0052	0.0051	0.0050	0.0048	0.0047	0.0045	0.0044	0.0042	0.0041	0.0039	0.0038	0.0036	0.0035	0.0033	0.0032	
[USA,CO]	0.5222	0.4402	0.3802	0.3369	0.3055	0.2825	0.2651	0.2517	0.2411	0.2325	0.2253	0.2192	0.2139	0.2091	0.2048	0.2006	0.1965	0.1924	0.1882	0.1839	0.1795	0.1750	0.1704	0.1658	0.1613	0.1566	0.1519	0.1471	0.1423	0.1375	0.1326	0.1278	0.1229	0.1181	0.1133	
[USA,FC]	3.145	3.153	3.159	3.162	3.164	3.161	3.155	3.146	3.133	3.118	3.097	3.072	3.042	3.008	2.971	2.930	2.886	2.839	2.790	2.738	2.684	2.630	2.574	2.517	2.460	2.401	2.342	2.281	2.220	2.159	2.096	2.034	1.972	1.909	1.847	
[USA,NOX]	0.1050	0.0884	0.0756	0.0659	0.0578	0.0511	0.0455	0.0406	0.0364	0.0328	0.0297	0.0270	0.0247	0.0226	0.0209	0.0193	0.0180	0.0168	0.0157	0.0149	0.0141	0.0135	0.0131	0.0127	0.0125	0.0124	0.0123	0.0123	0.0124	0.0124	0.0125	0.0126	0.0127	0.0128	0.0129	
[USA,PM]	0.0021	0.0020	0.0019	0.0018	0.0018	0.0017	0.0017	0.0016	0.0016	0.0016	0.0016	0.0016	0.0015	0.0015	0.0015	0.0015	0.0015	0.0015	0.0014	0.0014	0.0014	0.0014	0.0014	0.0013	0.0013	0.0013	0.0013	0.0013	0.0012	0.0012	0.0012	0.0012	0.0012	0.0011	0.0011	
[USA,VOC]	0.0428	0.0317	0.0238	0.0184	0.0147	0.0122	0.0104	0.0091	0.0082	0.0076	0.0071	0.0068	0.0065	0.0063	0.0061	0.0059	0.0058	0.0056	0.0055	0.0054	0.0052	0.0051	0.0049	0.0048	0.0047	0.0045	0.0044	0.0042	0.0041	0.0039	0.0038	0.0036	0.0035	0.0033	0.0032	
[JPN,CO]	0.4804	0.4084	0.3550	0.3159	0.2872	0.2658	0.2495	0.2367	0.2265	0.2183	0.2114	0.2055	0.2004	0.1959	0.1918	0.1879	0.1842	0.1804	0.1766	0.1727	0.1688	0.1648	0.1607	0.1566	0.1525	0.1483	0.1440	0.1397	0.1353	0.1309	0.1265	0.1220	0.1175	0.1130	0.1086	
[JPN,FC]	3.087	3.096	3.101	3.104	3.105	3.101	3.095	3.086	3.074	3.058	3.038	3.014	2.986	2.954	2.918	2.879	2.837	2.793	2.746	2.697	2.647	2.596	2.543	2.490	2.436	2.381	2.324	2.266	2.207	2.148	2.088	2.028	1.967	1.906	1.845	
[JPN,NOX]	0.1492	0.1322	0.1185	0.1074	0.0974	0.0887	0.0807	0.0736	0.0671	0.0613	0.0560	0.0512	0.0469	0.0429	0.0393	0.0361	0.0332	0.0306	0.0282	0.0262	0.0244	0.0230	0.0217	0.0208	0.0200	0.0194	0.0190	0.0187	0.0184	0.0182	0.0180	0.0179	0.0177	0.0176	0.0174	
[JPN,PM]	0.0036	0.0033	0.0030	0.0028	0.0026	0.0024	0.0022	0.0021	0.0020	0.0019	0.0018	0.0017	0.0017	0.0016	0.0016	0.0015	0.0015	0.0015	0.0015	0.0014	0.0014	0.0014	0.0014	0.0014	0.0013	0.0013	0.0013	0.0013	0.0013	0.0012	0.0012	0.0012	0.0012	0.0011	0.0011	
[JPN,VOC]	0.0502	0.0380	0.0293	0.0232	0.0190	0.0160	0.0140	0.0125	0.0114	0.0106	0.0100	0.0095	0.0092	0.0089	0.0086	0.0084	0.0082	0.0080	0.0078	0.0076	0.0074	0.0072	0.0070	0.0068	0.0066	0.0064	0.0062	0.0060	0.0058	0.0056	0.0053	0.0051	0.0049	0.0047	0.0045	
[RJAN,CO]	0.8821	0.7508	0.6397	0.5469	0.4707	0.4093	0.3607	0.3227	0.2935	0.2711	0.2538	0.2401	0.2291	0.2200	0.2122	0.2054	0.1994	0.1939	0.1888	0.1841	0.1796	0.1752	0.1709	0.1666	0.1624	0.1580	0.1536	0.1492	0.1447	0.1401	0.1355	0.1309	0.1263	0.1217	0.1170	
[RJAN,FC]	3.114	3.121	3.124	3.126	3.125	3.121	3.114	3.105	3.093	3.079	3.061	3.039	3.013	2.984	2.951	2.916	2.878	2.837	2.794	2.749	2.702	2.654	2.604	2.553	2.501	2.447	2.392	2.335	2.278	2.219	2.160	2.100	2.040	1.979	1.918	
[RJAN,NOX]	0.1758	0.1521	0.1317	0.1143	0.0992	0.0865	0.0759	0.0670	0.0598	0.0538	0.0488	0.0445	0.0409	0.0377	0.0350	0.0325	0.0304	0.0284	0.0267	0.0252	0.0238	0.0226	0.0215	0.0206	0.0198	0.0191	0.0185	0.0180	0.0175	0.0172	0.0169	0.0167	0.0165	0.0164	0.0163	
[RJAN,PM]	0.0029	0.0027	0.0025	0.0024	0.0022	0.0021	0.0020	0.0019	0.0018	0.0018	0.0017	0.0017	0.0016	0.0016	0.0015	0.0015	0.0015	0.0015	0.0014	0.0014	0.0014	0.0014	0.0014	0.0013	0.0013	0.0013	0.0013	0.0013	0.0012	0.0012	0.0012	0.0012	0.0012	0.0011	0.0011	
[RJAN,VOC]	0.1377	0.1113	0.0891	0.0706	0.0557	0.0440	0.0349	0.0281	0.0232	0.0196	0.0170	0.0152	0.0139	0.0129	0.0121	0.0115	0.0111	0.0107	0.0103	0.0100	0.0097	0.0095	0.0092	0.0089	0.0087	0.0084	0.0081	0.0079	0.0076	0.0073	0.0071	0.0068	0.0065	0.0062	0.0060	
[RUS,CO]	0.6372	0.5650	0.5024	0.4491	0.4045	0.3678	0.3381	0.3144	0.2958	0.2811	0.2695	0.2601	0.2524	0.2459	0.2403	0.2352	0.2305	0.2260	0.2218	0.2177	0.2136	0.2096	0.2056	0.2016	0.1975	0.1934	0.1892	0.1849	0.1806	0.1763	0.1718	0.1672	0.1626	0.1578	0.1530	
[RUS,FC]	3.201	3.207	3.213	3.217	3.221	3.223	3.224	3.223	3.221	3.218	3.212	3.203	3.191	3.176	3.159	3.137	3.112	3.082	3.048	3.012	2.972	2.930	2.887	2.841	2.794	2.746	2.697	2.647	2.596	2.545	2.492	2.437	2.381	2.323	2.264	
[RUS,NOX]	0.1213	0.1074	0.0951	0.0843	0.0748	0.0664	0.0592	0.0531	0.0478	0.0433	0.0393	0.0359	0.0329	0.0302	0.0277	0.0255	0.0235	0.0217	0.0201	0.0187	0.0175	0.0164	0.0154	0.0147	0.0140	0.0135	0.0131	0.0128	0.0126	0.0125	0.0125	0.0124	0.0125	0.0125	0.0126	
[RUS,PM]	0.0020	0.0020	0.0019	0.0018	0.0018	0.0018	0.0017	0.0017	0.0016	0.0016	0.0016	0.0016	0.0016	0.0015	0.0015	0.0015	0.0015	0.0015	0.0015	0.0015	0.0014	0.0014	0.0014	0.0014	0.0014	0.0014	0.0014	0.0013	0.0013	0.0013	0.0013	0.0013	0.0013	0.0012	0.0012	
[RUS,VOC]	0.0664	0.0552	0.0455	0.0373	0.0306	0.0251	0.0208	0.0175	0.0150	0.0131	0.0117	0.0106	0.0099	0.0093	0.0088	0.0084	0.0081	0.0078	0.0076	0.0074	0.0072	0.0070	0.0068	0.0067	0.0065	0.0064	0.0062	0.0061	0.0059	0.0057	0.0056	0.0054	0.0053	0.0051	0.0049	
[UKR,CO]	1.113	0.9661	0.8365	0.7245	0.6295	0.5510	0.4880	0.4387	0.4012	0.3730	0.3516	0.3349	0.3214	0.3101	0.3002	0.2911	0.2827	0.2747	0.2670	0.2596	0.2525	0.2456	0.2389	0.2323	0.2260	0.2198	0.2138	0.2080	0.2025	0.1970	0.1917	0.1863	0.1810	0.1756	0.1701	
[UKR,FC]	3.301	3.307	3.311	3.316	3.319	3.321	3.323	3.322	3.321	3.318	3.312	3.303	3.291	3.277	3.259	3.236	3.208	3.176	3.138	3.097	3.052	3.004	2.953	2.902	2.849	2.796	2.742	2.689	2.636	2.583	2.529	2.473	2.417	2.359	2.300	
[UKR,NOX]	0.1819	0.1575	0.1358	0.1168	0.1004	0.0867	0.0753	0.0661	0.0588	0.0529	0.0481	0.0440	0.0405	0.0373	0.0344	0.0317	0.0293	0.0270	0.0249	0.0230	0.0213	0.0197	0.0183	0.0171	0.0161	0.0152	0.0144	0.0138	0.0134	0.0130	0.0128	0.0126	0.0125	0.0125	0.0126	
[UKR,PM]	0.0024	0.0022	0.0021	0.0020	0.0019	0.0018	0.0017	0.0016	0.0016	0.0015	0.0015	0.0014	0.0014	0.0014	0.0014	0.0014	0.0013	0.0013	0.0013	0.0013	0.0013	0.0013	0.0013	0.0013	0.0013	0.0013	0.0013	0.0012	0.0012	0.0012	0.0012	0.0012	0.0012	0.0012	0.0011	
[UKR,VOC]	0.1361	0.1119	0.0907	0.0724	0.0570	0.0446	0.0348	0.0274	0.0220	0.0182	0.0155	0.0136	0.0122	0.0112	0.0104	0.0098	0.0093	0.0089	0.0085	0.0082	0.0079	0.0077	0.0074	0.0072	0.0070	0.0068	0.0067	0.0065	0.0063	0.0061	0.0060	0.0058	0.0056	0.0054	0.0053	
[RIS,CO]	1.136	0.9932	0.8638	0.7487	0.6485	0.5635	0.4932	0.4368	0.3924	0.3582	0.3317	0.3111	0.2947	0.2814	0.2706	0.2614	0.2536	0.2468	0.2408	0.2354	0.2304	0.2257	0.2211	0.2167	0.2123	0.2080	0.2038	0.1997	0.1957	0.1918	0.1879	0.1841	0.1802	0.1762	0.1722	
[RIS,FC]	3.161	3.169	3.177	3.185	3.192	3.199	3.204	3.207	3.210	3.210	3.208	3.203	3.195	3.183	3.169	3.150	3.127	3.099	3.067	3.031	2.991	2.949	2.904	2.857	2.809	2.760	2.711	2.661	2.612	2.562	2.512	2.460	2.407	2.353	2.299	
[RIS,NOX]	0.1991	0.1752	0.1533	0.1337	0.1163	0.1013	0.0884	0.0777	0.0689	0.0615	0.0553	0.0500	0.0453	0.0411	0.0374	0.0340	0.0310	0.0283	0.0259	0.0237	0.0218	0.0201	0.0186	0.0172	0.0161	0.0151	0.0143	0.0136	0.0131	0.0127	0.0124	0.0122	0.0121	0.0120	0.0120	
[RIS,PM]	0.0026	0.0025	0.0023	0.0022	0.0021	0.0020	0.0019	0.0019	0.0018	0.0017	0.0017	0.0016	0.0016	0.0015	0.0015	0.0015	0.0015	0.0014	0.0014	0.0014	0.0014	0.0014	0.0014	0.0013	0.0013	0.0013	0.0013	0.0013	0.0013	0.0012	0.0012	0.0012	0.0012	0.0012	0.0011	
[RIS,VOC]	0.1383	0.1158	0.0954	0.0774	0.0619	0.0490	0.0386	0.0305	0.0243	0.0198	0.0165	0.0141	0.0123	0.0110	0.0100	0.0092	0.0086	0.0082	0.0079	0.0076	0.0074	0.0072	0.0070	0.0068	0.0066	0.0065	0.0063	0.0062	0.0060	0.0059	0.0057	0.0056	0.0054	0.0053	0.0051	
[MEX,CO]	0.8280	0.7222	0.6277	0.5446	0.4732	0.4133	0.3643	0.3255	0.2953	0.2722	0.2545	0.2407	0.2296	0.2206	0.2131	0.2066	0.2010	0.1961	0.1917	0.1877	0.1840	0.1804	0.1770	0.1736	0.1701	0.1666	0.1631	0.1594	0.1558	0.1521	0.1483	0.1444	0.1405	0.1365	0.1324	
[MEX,FC]	3.053	3.058	3.063	3.068	3.072	3.075	3.077	3.078	3.077	3.075	3.071	3.064	3.055	3.043	3.029	3.011	2.988	2.962	2.932	2.899	2.863	2.825	2.784	2.741	2.697	2.651	2.605	2.557	2.509	2.459	2.409	2.356	2.303	2.248	2.193	
[MEX,NOX]	0.2323	0.2111	0.1916	0.1740	0.1579	0.1435	0.1308	0.1197	0.1100	0.1016	0.0940	0.0872	0.0808	0.0749	0.0694	0.0641	0.0592	0.0546	0.0503	0.0463	0.0426	0.0392	0.0361	0.0334	0.0310	0.0288	0.0270	0.0254	0.0241	0.0230	0.0221	0.0215	0.0209	0.0205	0.0202	
[MEX,PM]	0.0059	0.0054	0.0050	0.0046	0.0042	0.0039	0.0036	0.0033	0.0031	0.0029	0.0027	0.0025	0.0024	0.0023	0.0021	0.0020	0.0019	0.0018	0.0017	0.0017	0.0016	0.0016	0.0015	0.0015	0.0015	0.0014	0.0014	0.0014	0.0014	0.0014	0.0013	0.0013	0.0013	0.0013	0.0013	
[MEX,VOC]	0.1148	0.0958	0.0789	0.0640	0.0514	0.0410	0.0326	0.0262	0.0214	0.0179	0.0154	0.0135	0.0121	0.0111	0.0103	0.0096	0.0091	0.0087	0.0084	0.0081	0.0079	0.0077	0.0075	0.0073	0.0071	0.0070	0.0068	0.0066	0.0065	0.0063	0.0061	0.0059	0.0057	0.0056	0.0054	
[RCAM,CO]	1.269	1.079	0.9124	0.7688	0.6477	0.5478	0.4677	0.4051	0.3574	0.3216	0.2944	0.2735	0.2570	0.2437	0.2327	0.2235	0.2156	0.2089	0.2032	0.1983	0.1940	0.1900	0.1863	0.1826	0.1789	0.1752	0.1715	0.1677	0.1639	0.1600	0.1561	0.1521	0.1481	0.1440	0.1399	
[RCAM,FC]	3.034	3.043	3.051	3.059	3.066	3.072	3.077	3.080	3.082	3.082	3.079	3.073	3.063	3.052	3.037	3.018	2.994	2.967	2.936	2.902	2.864	2.824	2.782	2.738	2.692	2.644	2.596	2.547	2.497	2.446	2.394	2.340	2.285	2.230	2.173	
[RCAM,NOX]	0.2976	0.2658	0.2372	0.2120	0.1899	0.1709	0.1546	0.1408	0.1290	0.1188	0.1097	0.1013	0.0936	0.0863	0.0794	0.0729	0.0668	0.0611	0.0558	0.0509	0.0464	0.0424	0.0387	0.0353	0.0324	0.0298	0.0275	0.0256	0.0240	0.0227	0.0217	0.0209	0.0203	0.0198	0.0194	
[RCAM,PM]	0.0078	0.0071	0.0064	0.0058	0.0052	0.0047	0.0042	0.0038	0.0035	0.0032	0.0029	0.0027	0.0025	0.0023	0.0022	0.0020	0.0019	0.0018	0.0017	0.0016	0.0016	0.0015	0.0015	0.0014	0.0014	0.0014	0.0014	0.0013	0.0013	0.0013	0.0013	0.0013	0.0013	0.0012	0.0012	
[RCAM,VOC]	0.1881	0.1538	0.1237	0.0979	0.0763	0.0589	0.0452	0.0349	0.0274	0.0220	0.0182	0.0155	0.0135	0.0120	0.0109	0.0101	0.0094	0.0089	0.0085	0.0082	0.0080	0.0077	0.0075	0.0073	0.0071	0.0070	0.0068	0.0066	0.0064	0.0063	0.0061	0.0059	0.0057	0.0055	0.0053	
[BRA,CO]	0.5481	0.4856	0.4316	0.3857	0.3472	0.3155	0.2898	0.2693	0.2531	0.2403	0.2302	0.2220	0.2152	0.2096	0.2047	0.2004	0.1963	0.1926	0.1890	0.1856	0.1822	0.1788	0.1754	0.1720	0.1686	0.1651	0.1616	0.1580	0.1544	0.1508	0.1471	0.1433	0.1394	0.1354	0.1314	
[BRA,FC]	3.076	3.082	3.086	3.090	3.093	3.095	3.095	3.094	3.092	3.089	3.083	3.074	3.063	3.050	3.034	3.014	2.990	2.962	2.932	2.897	2.861	2.821	2.780	2.737	2.692	2.647	2.600	2.553	2.505	2.457	2.407	2.355	2.302	2.247	2.191	
[BRA,NOX]	0.1853	0.1697	0.1557	0.1432	0.1314	0.1206	0.1107	0.1018	0.0938	0.0866	0.0801	0.0741	0.0685	0.0634	0.0586	0.0542	0.0500	0.0462	0.0427	0.0394	0.0364	0.0338	0.0314	0.0293	0.0274	0.0259	0.0246	0.0235	0.0227	0.0220	0.0215	0.0210	0.0207	0.0204	0.0202	
[BRA,PM]	0.0044	0.0040	0.0038	0.0035	0.0032	0.0030	0.0028	0.0027	0.0025	0.0024	0.0023	0.0021	0.0021	0.0020	0.0019	0.0018	0.0018	0.0017	0.0016	0.0016	0.0016	0.0015	0.0015	0.0015	0.0015	0.0014	0.0014	0.0014	0.0014	0.0014	0.0013	0.0013	0.0013	0.0013	0.0013	
[BRA,VOC]	0.0652	0.0543	0.0449	0.0370	0.0305	0.0252	0.0210	0.0178	0.0154	0.0135	0.0122	0.0112	0.0104	0.0098	0.0093	0.0090	0.0087	0.0084	0.0082	0.0080	0.0078	0.0076	0.0074	0.0073	0.0071	0.0069	0.0068	0.0066	0.0064	0.0063	0.0061	0.0059	0.0057	0.0055	0.0054	
[RSAM,CO]	0.5663	0.4998	0.4426	0.3942	0.3539	0.3208	0.2942	0.2731	0.2565	0.2436	0.2334	0.2252	0.2186	0.2131	0.2084	0.2042	0.2004	0.1968	0.1934	0.1901	0.1869	0.1837	0.1805	0.1772	0.1739	0.1705	0.1671	0.1636	0.1601	0.1566	0.1529	0.1492	0.1453	0.1414	0.1375	
[RSAM,FC]	3.083	3.088	3.093	3.097	3.100	3.102	3.103	3.102	3.100	3.097	3.092	3.083	3.073	3.059	3.044	3.024	3.000	2.973	2.943	2.909	2.872	2.834	2.793	2.750	2.706	2.661	2.614	2.567	2.519	2.471	2.421	2.369	2.316	2.262	2.206	
[RSAM,NOX]	0.1871	0.1709	0.1564	0.1435	0.1313	0.1203	0.1103	0.1013	0.0933	0.0860	0.0795	0.0735	0.0679	0.0628	0.0580	0.0536	0.0495	0.0457	0.0422	0.0389	0.0360	0.0333	0.0310	0.0289	0.0271	0.0255	0.0243	0.0232	0.0223	0.0216	0.0211	0.0206	0.0203	0.0200	0.0197	
[RSAM,PM]	0.0045	0.0042	0.0039	0.0036	0.0033	0.0031	0.0029	0.0027	0.0026	0.0024	0.0023	0.0022	0.0021	0.0020	0.0019	0.0018	0.0018	0.0017	0.0016	0.0016	0.0016	0.0015	0.0015	0.0015	0.0014	0.0014	0.0014	0.0014	0.0014	0.0013	0.0013	0.0013	0.0013	0.0013	0.0012	
[RSAM,VOC]	0.0685	0.0569	0.0469	0.0385	0.0315	0.0260	0.0216	0.0182	0.0157	0.0138	0.0124	0.0113	0.0105	0.0099	0.0094	0.0091	0.0087	0.0085	0.0082	0.0080	0.0078	0.0077	0.0075	0.0073	0.0071	0.0070	0.0068	0.0066	0.0065	0.0063	0.0061	0.0060	0.0058	0.0056	0.0054	
[NDE,CO]	0.4044	0.3769	0.3524	0.3308	0.3119	0.2957	0.2818	0.2700	0.2599	0.2513	0.2435	0.2364	0.2299	0.2237	0.2177	0.2120	0.2064	0.2010	0.1957	0.1905	0.1854	0.1805	0.1756	0.1708	0.1661	0.1614	0.1567	0.1521	0.1475	0.1430	0.1385	0.1340	0.1295	0.1250	0.1206	
[NDE,FC]	3.221	3.223	3.221	3.218	3.211	3.203	3.192	3.178	3.163	3.145	3.123	3.098	3.068	3.035	2.999	2.959	2.916	2.870	2.822	2.771	2.718	2.665	2.610	2.554	2.498	2.442	2.384	2.326	2.268	2.209	2.151	2.092	2.033	1.974	1.914	
[NDE,NOX]	0.1033	0.0957	0.0889	0.0827	0.0767	0.0711	0.0659	0.0611	0.0567	0.0527	0.0490	0.0456	0.0425	0.0395	0.0368	0.0342	0.0319	0.0296	0.0276	0.0257	0.0239	0.0224	0.0210	0.0197	0.0186	0.0177	0.0169	0.0163	0.0158	0.0154	0.0151	0.0149	0.0148	0.0147	0.0146	
[NDE,PM]	0.0023	0.0022	0.0021	0.0021	0.0020	0.0019	0.0019	0.0018	0.0018	0.0017	0.0017	0.0017	0.0016	0.0016	0.0016	0.0015	0.0015	0.0015	0.0015	0.0014	0.0014	0.0014	0.0014	0.0014	0.0013	0.0013	0.0013	0.0013	0.0013	0.0012	0.0012	0.0012	0.0012	0.0011	0.0011	
[NDE,VOC]	0.0274	0.0237	0.0204	0.0176	0.0153	0.0134	0.0118	0.0105	0.0095	0.0088	0.0081	0.0076	0.0072	0.0069	0.0065	0.0063	0.0060	0.0058	0.0056	0.0054	0.0053	0.0051	0.0049	0.0048	0.0047	0.0045	0.0044	0.0042	0.0041	0.0040	0.0038	0.0037	0.0035	0.0034	0.0033	
[RSAS,CO]	1.147	0.9854	0.8420	0.7174	0.6113	0.5230	0.4516	0.3953	0.3520	0.3191	0.2940	0.2745	0.2590	0.2463	0.2358	0.2267	0.2189	0.2121	0.2061	0.2007	0.1959	0.1914	0.1871	0.1830	0.1788	0.1746	0.1704	0.1661	0.1619	0.1576	0.1533	0.1488	0.1444	0.1398	0.1352	
[RSAS,FC]	3.076	3.084	3.092	3.100	3.107	3.113	3.118	3.121	3.124	3.124	3.122	3.116	3.107	3.096	3.081	3.061	3.037	3.008	2.974	2.937	2.896	2.853	2.807	2.759	2.709	2.658	2.606	2.554	2.501	2.447	2.392	2.335	2.278	2.219	2.159	
[RSAS,NOX]	0.2395	0.2121	0.1873	0.1655	0.1463	0.1298	0.1159	0.1042	0.0943	0.0860	0.0787	0.0722	0.0663	0.0608	0.0556	0.0509	0.0464	0.0423	0.0385	0.0350	0.0319	0.0290	0.0265	0.0242	0.0222	0.0205	0.0191	0.0179	0.0169	0.0162	0.0156	0.0152	0.0149	0.0147	0.0147	
[RSAS,PM]	0.0043	0.0040	0.0037	0.0035	0.0032	0.0030	0.0028	0.0027	0.0025	0.0024	0.0022	0.0021	0.0020	0.0019	0.0019	0.0018	0.0017	0.0017	0.0016	0.0016	0.0015	0.0015	0.0015	0.0015	0.0014	0.0014	0.0014	0.0014	0.0014	0.0013	0.0013	0.0013	0.0013	0.0013	0.0012	
[RSAS,VOC]	0.1342	0.1107	0.0899	0.0718	0.0566	0.0442	0.0343	0.0267	0.0211	0.0171	0.0142	0.0120	0.0104	0.0092	0.0083	0.0076	0.0070	0.0066	0.0063	0.0060	0.0058	0.0056	0.0054	0.0053	0.0051	0.0050	0.0049	0.0047	0.0046	0.0045	0.0043	0.0042	0.0041	0.0039	0.0038	
[COR,CO]	0.4464	0.3985	0.3606	0.3304	0.3062	0.2863	0.2699	0.2561	0.2446	0.2351	0.2271	0.2205	0.2148	0.2099	0.2054	0.2013	0.1973	0.1933	0.1893	0.1852	0.1810	0.1768	0.1725	0.1681	0.1636	0.1591	0.1545	0.1498	0.1451	0.1404	0.1356	0.1308	0.1260	0.1212	0.1165	
[COR,FC]	3.152	3.157	3.160	3.160	3.156	3.150	3.141	3.128	3.113	3.096	3.074	3.048	3.018	2.984	2.948	2.908	2.865	2.821	2.774	2.725	2.675	2.623	2.570	2.517	2.463	2.407	2.351	2.293	2.234	2.175	2.114	2.054	1.992	1.931	1.87	
[COR,NOX]	0.1301	0.1187	0.1091	0.1008	0.0930	0.0857	0.0789	0.0725	0.0667	0.0613	0.0563	0.0518	0.0476	0.0437	0.0401	0.0369	0.0339	0.0312	0.0288	0.0267	0.0248	0.0232	0.0219	0.0209	0.0201	0.0195	0.0190	0.0187	0.0184	0.0182	0.0181	0.0179	0.0178	0.0176	0.0175	
[COR,PM]	0.0030	0.0028	0.0026	0.0024	0.0023	0.0022	0.0020	0.0019	0.0019	0.0018	0.0017	0.0016	0.0016	0.0015	0.0015	0.0015	0.0014	0.0014	0.0014	0.0014	0.0014	0.0013	0.0013	0.0013	0.0013	0.0013	0.0013	0.0012	0.0012	0.0012	0.0012	0.0012	0.0011	0.0011	0.0011	
[COR,VOC]	0.0386	0.0311	0.0255	0.0214	0.0183	0.0160	0.0142	0.0128	0.0117	0.0109	0.0103	0.0099	0.0095	0.0092	0.0089	0.0087	0.0085	0.0083	0.0081	0.0079	0.0077	0.0075	0.0073	0.0071	0.0069	0.0067	0.0064	0.0062	0.0060	0.0058	0.0056	0.0053	0.0051	0.0049	0.0047	
[IDN,CO]	0.4441	0.4054	0.3714	0.3422	0.3173	0.2964	0.2790	0.2647	0.2529	0.2432	0.2349	0.2277	0.2213	0.2154	0.2100	0.2048	0.1999	0.1951	0.1904	0.1858	0.1812	0.1767	0.1721	0.1676	0.1630	0.1585	0.1538	0.1492	0.1445	0.1399	0.1353	0.1306	0.1260	0.1213	0.1167	
[IDN,FC]	3.185	3.188	3.188	3.186	3.182	3.175	3.166	3.155	3.141	3.125	3.104	3.080	3.052	3.020	2.985	2.946	2.904	2.860	2.812	2.763	2.711	2.658	2.604	2.55	2.494	2.437	2.379	2.321	2.262	2.202	2.142	2.083	2.022	1.962	1.902	
[IDN,NOX]	0.0977	0.0889	0.0809	0.0739	0.0674	0.0615	0.0562	0.0515	0.0473	0.0435	0.0402	0.0372	0.0345	0.0320	0.0297	0.0277	0.0258	0.0241	0.0225	0.0211	0.0198	0.0187	0.0177	0.0169	0.0162	0.0156	0.0151	0.0147	0.0144	0.0142	0.0140	0.0139	0.0139	0.0139	0.0139	
[IDN,PM]	0.0020	0.0020	0.0019	0.0019	0.0018	0.0018	0.0018	0.0017	0.0017	0.0017	0.0016	0.0016	0.0016	0.0016	0.0015	0.0015	0.0015	0.0015	0.0015	0.0014	0.0014	0.0014	0.0014	0.0014	0.0013	0.0013	0.0013	0.0013	0.0013	0.0012	0.0012	0.0012	0.0012	0.0011	0.0011	
[IDN,VOC]	0.0402	0.0341	0.0289	0.0245	0.0208	0.0178	0.0154	0.0135	0.0121	0.0109	0.0101	0.0094	0.0089	0.0084	0.0080	0.0077	0.0074	0.0072	0.0069	0.0067	0.0065	0.0063	0.0061	0.0060	0.0058	0.0056	0.0054	0.0052	0.0051	0.0049	0.0047	0.0045	0.0043	0.0042	0.0040	
[OSEA,CO]	1.306	1.109	0.9368	0.7882	0.6627	0.5594	0.4765	0.4118	0.3625	0.3255	0.2973	0.2754	0.2579	0.2434	0.2311	0.2205	0.2112	0.2030	0.1958	0.1892	0.1833	0.1779	0.1728	0.1679	0.1631	0.1583	0.1535	0.1487	0.1438	0.1390	0.1341	0.1293	0.1244	0.1196	0.1147	
[OSEA,FC]	3.100	3.107	3.113	3.116	3.118	3.116	3.112	3.105	3.095	3.082	3.065	3.043	3.016	2.986	2.951	2.913	2.871	2.827	2.779	2.729	2.677	2.623	2.569	2.514	2.458	2.401	2.342	2.283	2.223	2.162	2.101	2.039	1.977	1.915	1.853	
[OSEA,NOX]	0.2412	0.2085	0.1795	0.1543	0.1327	0.1145	0.0996	0.0874	0.0777	0.0697	0.0631	0.0575	0.0526	0.0482	0.0441	0.0404	0.0371	0.0340	0.0312	0.0287	0.0264	0.0243	0.0225	0.0209	0.0195	0.0183	0.0172	0.0164	0.0157	0.0151	0.0147	0.0144	0.0142	0.0140	0.0140	
[OSEA,PM]	0.0031	0.0029	0.0027	0.0026	0.0024	0.0023	0.0022	0.0021	0.0020	0.0019	0.0018	0.0018	0.0017	0.0016	0.0016	0.0016	0.0015	0.0015	0.0015	0.0014	0.0014	0.0014	0.0014	0.0013	0.0013	0.0013	0.0013	0.0013	0.0012	0.0012	0.0012	0.0012	0.0011	0.0011	0.0011	
[OSEA,VOC]	0.1744	0.1424	0.1144	0.0903	0.0703	0.0540	0.0413	0.0317	0.0247	0.0198	0.0162	0.0137	0.0119	0.0105	0.0095	0.0087	0.0081	0.0076	0.0072	0.0069	0.0066	0.0063	0.0061	0.0059	0.0057	0.0055	0.0053	0.0051	0.0050	0.0048	0.0046	0.0044	0.0042	0.0040	0.0039	
[CHN,CO]	0.2804	0.2714	0.2632	0.2556	0.2487	0.2425	0.2369	0.2318	0.2272	0.2229	0.2187	0.2146	0.2106	0.2066	0.2025	0.1984	0.1943	0.1901	0.1858	0.1815	0.1772	0.1727	0.1683	0.1638	0.1593	0.1547	0.1502	0.1456	0.1410	0.1364	0.1318	0.1273	0.1228	0.1182	0.1137	
[CHN,FC]	3.178	3.178	3.175	3.170	3.164	3.155	3.144	3.130	3.115	3.097	3.075	3.050	3.021	2.989	2.954	2.915	2.873	2.829	2.781	2.732	2.680	2.627	2.572	2.517	2.461	2.404	2.346	2.287	2.228	2.169	2.110	2.050	1.991	1.932	1.872	
[CHN,NOX]	0.0692	0.0655	0.0621	0.0590	0.0558	0.0527	0.0497	0.0469	0.0442	0.0418	0.0395	0.0373	0.0353	0.0334	0.0317	0.0300	0.0285	0.0270	0.0257	0.0244	0.0232	0.0222	0.0212	0.0203	0.0196	0.0189	0.0184	0.0179	0.0175	0.0172	0.0169	0.0167	0.0165	0.0164	0.0163	
[CHN,PM]	0.0017	0.0017	0.0017	0.0016	0.0016	0.0016	0.0016	0.0016	0.0016	0.0015	0.0015	0.0015	0.0015	0.0015	0.0015	0.0014	0.0014	0.0014	0.0014	0.0014	0.0014	0.0013	0.0013	0.0013	0.0013	0.0013	0.0013	0.0012	0.0012	0.0012	0.0012	0.0012	0.0011	0.0011	0.0011	
[CHN,VOC]	0.0238	0.0221	0.0206	0.0193	0.0182	0.0172	0.0163	0.0156	0.0151	0.0146	0.0141	0.0137	0.0134	0.0130	0.0127	0.0124	0.0121	0.0118	0.0115	0.0112	0.0109	0.0106	0.0103	0.0099	0.0096	0.0093	0.0090	0.0087	0.0084	0.0081	0.0077	0.0074	0.0071	0.0068	0.0065	
[EGY,CO]	2.359	2.106	1.874	1.662	1.471	1.300	1.147	1.012	0.8928	0.7880	0.6964	0.6168	0.5481	0.4889	0.4382	0.3945	0.3570	0.3250	0.2975	0.2748	0.2552	0.2383	0.2237	0.2109	0.1997	0.1898	0.1809	0.1743	0.1681	0.1622	0.1565	0.1512	0.1460	0.1409	0.1358	
[EGY,FC]	3.039	3.043	3.049	3.055	3.062	3.068	3.073	3.078	3.082	3.084	3.082	3.077	3.069	3.058	3.044	3.024	3.000	2.971	2.939	2.903	2.863	2.821	2.777	2.730	2.682	2.632	2.581	2.529	2.477	2.424	2.369	2.312	2.254	2.196	2.136	
[EGY,NOX]	0.3852	0.3483	0.3142	0.2828	0.2541	0.2280	0.2043	0.1829	0.1636	0.1463	0.1309	0.1171	0.1048	0.0939	0.0841	0.0753	0.0674	0.0604	0.0541	0.0485	0.0436	0.0392	0.0354	0.0320	0.0291	0.0266	0.0244	0.0228	0.0214	0.0202	0.0192	0.0184	0.0177	0.0171	0.0166	
[EGY,PM]	0.0034	0.0033	0.0031	0.0030	0.0028	0.0027	0.0026	0.0025	0.0024	0.0023	0.0022	0.0021	0.0020	0.0019	0.0019	0.0018	0.0017	0.0017	0.0016	0.0016	0.0016	0.0015	0.0015	0.0015	0.0014	0.0014	0.0014	0.0014	0.0013	0.0013	0.0013	0.0013	0.0012	0.0012	0.0012	
[EGY,VOC]	0.3685	0.3254	0.2859	0.2499	0.2175	0.1885	0.1628	0.1400	0.1200	0.1025	0.0874	0.0743	0.0630	0.0535	0.0453	0.0384	0.0326	0.0278	0.0237	0.0204	0.0176	0.0153	0.0134	0.0119	0.0106	0.0095	0.0086	0.0081	0.0076	0.0072	0.0069	0.0066	0.0063	0.0060	0.0057	
